{
  "n_raw": 5,
  "n_unique": 5,
  "n_quality": 4,
  "epochs": [
    {
      "file": "rvpix_exp-main-dark.fits",
      "targetid": 39628001431785529,
      "rv": -324.6204738859367,
      "rv_err": 4.310210381793154,
      "mjd": 59518.20779743,
      "expid": 106747,
      "success": false,
      "sn_b": 12.932455463376126,
      "sn_r": 17.568649626323662,
      "sn_z": 17.991708459752786,
      "rvs_warn": 8,
      "chisq_tot": 34721.51719626171,
      "tsnr2_star": NaN
    },
    {
      "file": "rvpix_exp-main-dark.fits",
      "targetid": 39628001431785529,
      "rv": 471.50692649804074,
      "rv_err": 3.9325167162071177,
      "mjd": 59527.18242624,
      "expid": 107954,
      "success": true,
      "sn_b": 15.214739265827824,
      "sn_r": 16.379622700644703,
      "sn_z": 17.19815211645445,
      "rvs_warn": 0,
      "chisq_tot": 47410.24595041029,
      "tsnr2_star": NaN
    },
    {
      "file": "rvpix_exp-main-dark.fits",
      "targetid": 39628001431785529,
      "rv": 483.0224738648872,
      "rv_err": 5.418215733869123,
      "mjd": 59528.17048249,
      "expid": 108182,
      "success": true,
      "sn_b": 11.507348940966219,
      "sn_r": 13.89932469966569,
      "sn_z": 14.58555955739384,
      "rvs_warn": 0,
      "chisq_tot": 28685.567177873658,
      "tsnr2_star": NaN
    },
    {
      "file": "rvpix_exp-main-dark.fits",
      "targetid": 39628001431785529,
      "rv": -339.8334870960876,
      "rv_err": 4.2599720941132135,
      "mjd": 59529.17340211,
      "expid": 108294,
      "success": false,
      "sn_b": 15.561857437794096,
      "sn_r": 20.957884338274837,
      "sn_z": 20.432669919276538,
      "rvs_warn": 8,
      "chisq_tot": 44253.44116424622,
      "tsnr2_star": NaN
    }
  ],
  "delta_rv": 822.8559609609748,
  "S": 91.12126874857962,
  "S_robust": 91.12126874857962,
  "d_max": 101.22365114214138,
  "mjd_span": 10.965604680000979,
  "d_max_epoch": 1.0
}