{
  "experiment_name": "E4_brown_dwarf",
  "n_input": 9397,
  "n_after_stage1": 10,
  "n_after_stage2": 10,
  "n_final": 10,
  "candidates": [
    {
      "targetid": 39627793289448405,
      "source_id": null,
      "ra": 0.0,
      "dec": 0.0,
      "experiment": "E4_brown_dwarf",
      "n_epochs": 6,
      "delta_rv": 34.426424416201314,
      "S_robust": 35.57280416756412,
      "best_period": 0.547850103170459,
      "best_K": 17.44979345588613,
      "mass_function": 0.0003016020533161439,
      "m2_min": 0.0746596827087619,
      "prob_ns_or_heavier": 0.0,
      "prob_bh": 0.0,
      "physics_score": 1.0,
      "cleanliness_score": 1.0,
      "period_reliability_score": 0.6,
      "followup_score": 0.5416288536343069,
      "total_score": 0.8741628853634307,
      "passed_hardening": true,
      "passed_negative_space": true,
      "is_pathological": false,
      "pathology_reasons": [],
      "kill_reasons": [],
      "metadata": {
        "rv_metrics": {
          "n_epochs": 6,
          "delta_rv": 34.426424416201314,
          "median_rv_err": 0.6221907344853527,
          "S": 45.666988157435384,
          "S_min_loo": 35.57280416756412,
          "S_robust": 35.57280416756412,
          "chi2_constant": 2091.473807371344,
          "chi2_dof": 5,
          "chi2_pvalue": 0.0,
          "chi2_reduced": 418.29476147426874,
          "d_max": 30.210986959319545,
          "high_leverage_epoch": 0,
          "leverage_fraction": 0.22103896922371813,
          "same_night_consistent": true,
          "cross_survey_offset": null,
          "has_high_leverage": false,
          "is_robust": true,
          "passed_chi2": true
        },
        "orbit_screen": {
          "period": 0.547850103170459,
          "K": 17.44979345588613,
          "chi2": 5.56584203875969,
          "delta_chi2": 2085.907965332584,
          "is_multimodal": true
        },
        "M1": 1.1,
        "baseline_days": 91.82043284999963,
        "needs_ir_check": true,
        "in_bd_desert": true
      }
    },
    {
      "targetid": 39627785240582464,
      "source_id": null,
      "ra": 0.0,
      "dec": 0.0,
      "experiment": "E4_brown_dwarf",
      "n_epochs": 5,
      "delta_rv": 26.709281796210647,
      "S_robust": 20.359175794914346,
      "best_period": 0.6780720071806408,
      "best_K": 15.073676004631306,
      "mass_function": 0.00024062182604309718,
      "m2_min": 0.06902297990008453,
      "prob_ns_or_heavier": 0.0,
      "prob_bh": 0.0,
      "physics_score": 1.0,
      "cleanliness_score": 1.0,
      "period_reliability_score": 0.4,
      "followup_score": 0.5076692199888982,
      "total_score": 0.8307669219988898,
      "passed_hardening": true,
      "passed_negative_space": true,
      "is_pathological": false,
      "pathology_reasons": [],
      "kill_reasons": [],
      "metadata": {
        "rv_metrics": {
          "n_epochs": 5,
          "delta_rv": 26.709281796210647,
          "median_rv_err": 0.9170644577238747,
          "S": 26.640709168118697,
          "S_min_loo": 20.359175794914346,
          "S_robust": 20.359175794914346,
          "chi2_constant": 714.7273849802835,
          "chi2_dof": 4,
          "chi2_pvalue": 0.0,
          "chi2_reduced": 178.6818462450709,
          "d_max": 19.47028527648607,
          "high_leverage_epoch": 1,
          "leverage_fraction": 0.23578701803935265,
          "same_night_consistent": true,
          "cross_survey_offset": null,
          "has_high_leverage": false,
          "is_robust": true,
          "passed_chi2": true
        },
        "orbit_screen": {
          "period": 0.6780720071806408,
          "K": 15.073676004631306,
          "chi2": 0.4807762677089494,
          "delta_chi2": 714.2466087125746,
          "is_multimodal": true
        },
        "M1": 1.1,
        "baseline_days": 93.7475579699967,
        "needs_ir_check": true,
        "in_bd_desert": true
      }
    },
    {
      "targetid": 39627743385616469,
      "source_id": null,
      "ra": 0.0,
      "dec": 0.0,
      "experiment": "E4_brown_dwarf",
      "n_epochs": 8,
      "delta_rv": 23.87046880998437,
      "S_robust": 9.82326076790828,
      "best_period": 1.0546764346599125,
      "best_K": 12.41533376807341,
      "mass_function": 0.00020912026199833866,
      "m2_min": 0.06574578901015585,
      "prob_ns_or_heavier": 0.0,
      "prob_bh": 0.0,
      "physics_score": 0.830387679465138,
      "cleanliness_score": 1.0,
      "period_reliability_score": 0.6,
      "followup_score": 0.6073050876677951,
      "total_score": 0.8128855805528348,
      "passed_hardening": true,
      "passed_negative_space": true,
      "is_pathological": false,
      "pathology_reasons": [],
      "kill_reasons": [],
      "metadata": {
        "rv_metrics": {
          "n_epochs": 8,
          "delta_rv": 23.87046880998437,
          "median_rv_err": 1.899694368665674,
          "S": 13.409339641879047,
          "S_min_loo": 9.82326076790828,
          "S_robust": 9.82326076790828,
          "chi2_constant": 187.8103896312689,
          "chi2_dof": 7,
          "chi2_pvalue": 0.0,
          "chi2_reduced": 26.83005566160984,
          "d_max": 9.936133679567112,
          "high_leverage_epoch": 1,
          "leverage_fraction": 0.26743142986482293,
          "same_night_consistent": true,
          "cross_survey_offset": null,
          "has_high_leverage": false,
          "is_robust": true,
          "passed_chi2": true
        },
        "orbit_screen": {
          "period": 1.0546764346599125,
          "K": 12.41533376807341,
          "chi2": 1.2143132158197008,
          "delta_chi2": 186.59607641544918,
          "is_multimodal": true
        },
        "M1": 1.1,
        "baseline_days": 102.75974580000184,
        "needs_ir_check": true,
        "in_bd_desert": true
      }
    },
    {
      "targetid": 39627703954965121,
      "source_id": null,
      "ra": 0.0,
      "dec": 0.0,
      "experiment": "E4_brown_dwarf",
      "n_epochs": 5,
      "delta_rv": 31.984023296719087,
      "S_robust": 17.131509061219916,
      "best_period": 0.5076744358806925,
      "best_K": 16.4008092202957,
      "mass_function": 0.00023205065517873595,
      "m2_min": 0.06815993010240894,
      "prob_ns_or_heavier": 0.0,
      "prob_bh": 0.0,
      "physics_score": 0.9521918176869986,
      "cleanliness_score": 1.0,
      "period_reliability_score": 0.4,
      "followup_score": 0.5075733255669342,
      "total_score": 0.811634059631493,
      "passed_hardening": true,
      "passed_negative_space": true,
      "is_pathological": false,
      "pathology_reasons": [],
      "kill_reasons": [],
      "metadata": {
        "rv_metrics": {
          "n_epochs": 5,
          "delta_rv": 31.984023296719087,
          "median_rv_err": 1.3701028044223813,
          "S": 22.986505694451193,
          "S_min_loo": 17.131509061219916,
          "S_robust": 17.131509061219916,
          "chi2_constant": 533.3794440410371,
          "chi2_dof": 4,
          "chi2_pvalue": 0.0,
          "chi2_reduced": 133.34486101025928,
          "d_max": 17.456353204937887,
          "high_leverage_epoch": 4,
          "leverage_fraction": 0.2547145142919499,
          "same_night_consistent": true,
          "cross_survey_offset": null,
          "has_high_leverage": false,
          "is_robust": true,
          "passed_chi2": true
        },
        "orbit_screen": {
          "period": 0.5076744358806925,
          "K": 16.4008092202957,
          "chi2": 2.596415587689027,
          "delta_chi2": 530.783028453348,
          "is_multimodal": false
        },
        "M1": 1.1,
        "baseline_days": 38.89177847999963,
        "needs_ir_check": true,
        "in_bd_desert": true
      }
    },
    {
      "targetid": 39627842371195432,
      "source_id": null,
      "ra": 0.0,
      "dec": 0.0,
      "experiment": "E4_brown_dwarf",
      "n_epochs": 6,
      "delta_rv": 39.360614810356694,
      "S_robust": 19.38196791809315,