{
  "M1_msun": 0.5643073310009665,
  "M1_err": 0.055804792370185,
  "f_M_median": 1.9519386548882887,
  "f_M_16": 0.8298388818490777,
  "f_M_84": 3.5983038263962794,
  "M2_min_median": 2.8091438867934566,
  "M2_min_mean": 2.8103306672256703,
  "M2_min_std": 1.4299207035942967,
  "M2_min_16": 1.2313643628785595,
  "M2_min_84": 4.263894657545972,
  "P_NS_or_heavier": 81.552,
  "P_BH": 44.895,
  "P_WD": 18.448,
  "n_samples": 100000
}