{
  "tess": {
    "5": {
      "bins": 50,
      "n_per_bin": 756.64,
      "A_max_95_ppm": 459.51789165045676,
      "A_5sigma_ppm": 1148.7947291261419
    },
    "10": {
      "bins": 30,
      "n_per_bin": 1261.0666666666666,
      "A_max_95_ppm": 355.9410283293127,
      "A_5sigma_ppm": 889.8525708232818
    },
    "15": {
      "bins": 30,
      "n_per_bin": 1261.0666666666666,
      "A_max_95_ppm": 355.9410283293127,
      "A_5sigma_ppm": 889.8525708232818
    },
    "20": {
      "bins": 30,
      "n_per_bin": 1261.0666666666666,
      "A_max_95_ppm": 355.9410283293127,
      "A_5sigma_ppm": 889.8525708232818
    },
    "25": {
      "bins": 30,
      "n_per_bin": 1261.0666666666666,
      "A_max_95_ppm": 355.9410283293127,
      "A_5sigma_ppm": 889.8525708232818
    },
    "30": {
      "bins": 20,
      "n_per_bin": 1891.6,
      "A_max_95_ppm": 290.6246326427827,
      "A_5sigma_ppm": 726.5615816069568
    },
    "40": {
      "bins": 20,
      "n_per_bin": 1891.6,
      "A_max_95_ppm": 290.6246326427827,
      "A_5sigma_ppm": 726.5615816069568
    },
    "50": {
      "bins": 20,
      "n_per_bin": 1891.6,
      "A_max_95_ppm": 290.6246326427827,
      "A_5sigma_ppm": 726.5615816069568
    }
  },
  "ztf": {
    "found": false,
    "reason": "UsageFault: BAD_REQUEST: unknown table: ztf_objects"
  },
  "asas_sn": {
    "found": false,
    "reason": "Target too faint (G=17.27)"
  }
}