{
  "mcmc_config": {
    "n_walkers": 32,
    "n_steps": 5000,
    "n_burn": 1000,
    "n_samples": 128000
  },
  "results": {
    "P (days)": {
      "median": 21.847469561538293,
      "p16": 15.262578196953555,
      "p84": 25.330259308347284,
      "mean": 21.25108165320333
    },
    "K (km/s)": {
      "median": 95.35424262201114,
      "p16": 73.69104582803757,
      "p84": 112.10403543258617,
      "mean": 94.28420173378602
    },
    "e": {
      "median": 0.18173059656764498,
      "p16": 0.09562808239927369,
      "p84": 0.29225074046447613,
      "mean": 0.19124262766979203
    },
    "\u03c9 (rad)": {
      "median": 3.028953776289648,
      "p16": 2.1202847410217327,
      "p84": 4.379691112963935,
      "mean": 3.1863730345577927
    },
    "T0 (MJD)": {
      "median": 59162.23823755811,
      "p16": 59093.46906424628,
      "p84": 59216.304511521776,
      "mean": 59163.38287522725
    },
    "\u03b3 (km/s)": {
      "median": -23.624109286872205,
      "p16": -33.86494786725813,
      "p84": -6.541899388321609,
      "mean": -21.733359884301166
    },
    "f_M": {
      "median": 1.9519386548882887,
      "p16": 0.8298388818490777,
      "p84": 3.5983038263962794
    },
    "M2_min": {
      "median": 2.731840427992157,
      "p16": 1.4834898655856625,
      "p84": 4.451945720328475
    },
    "probabilities": {
      "P_M2_gt_1.4": 86.9671875,
      "P_M2_gt_3.0": 36.926562499999996
    },
    "short_period_rejection": {
      "P_lt_2d": 0.0,
      "P_lt_5d": 0.0,
      "P_lt_10d": 2.08984375
    },
    "period_distribution": {
      "mode": 21.814877834011902,
      "p2.5": 10.702258918245668,
      "p97.5": 26.43736763935061
    },
    "best_fit": {
      "P (days)": 25.33005563644805,
      "K (km/s)": 130.9676153434106,
      "e": 0.17378087730394962,
      "\u03c9 (rad)": 3.1630916597180976,
      "T0 (MJD)": 59159.28424365304,
      "\u03b3 (km/s)": -30.425202071087732,
      "log_L": -3.593465447496926
    }
  }
}