{
  "target_id": 39627745210139276,
  "gaia_source_id": 3802130935635096832,
  "file_hashes": {
    "coadd_20268_20211219_p2.fits": "1f3aefba5e346da249c0daafcf5c23c6c0d74a50ff29bccc9a6b3117c89deb5c",
    "coadd_24976_20220125_p7.fits": "87af27aa867295eed04580998f5d7b6c54be457a26bc0897b6538a9e52db69bc",
    "coadd_23137_20220127_p0.fits": "0ee485970c0b14e09a322f90a4103d4fae0f0dab141a050a86c5bb60dbe40aee"
  },
  "template_grid": {
    "primary_teffs": [
      3400,
      3600,
      3800,
      4000
    ],
    "neighbor_teffs": [
      2800,
      3000,
      3200,
      3400
    ]
  },
  "epochs": [
    {
      "label": "Epoch1",
      "mjd": 59568.488,
      "rv_catalog": -86.39,
      "rv_err_catalog": 0.55,
      "primary_only": {
        "R": {
          "best_teff": 3400,
          "v": -78.97357462500928,
          "sigma_v_formal": 0.6149545394719815,
          "sigma_v_renorm": 1.5555880565536895,
          "chi2": 9943.841452012963,
          "chi2_red": 6.398868373238715
        },
        "Z": {
          "best_teff": 4000,
          "v": -87.04414274834556,
          "sigma_v_formal": 3.513669820515522,
          "sigma_v_renorm": 7.976218339526082,
          "chi2": 5039.773579403841,
          "chi2_red": 5.153142719226831
        },
        "combined": {
          "best_teff": 3600,
          "v": -80.85621385627267,
          "sigma_v_formal": 0.3915042792470326,
          "sigma_v_renorm": 0.9940213838047411,
          "chi2": 17076.5599054297,
          "chi2_red": 6.446417480343413
        }
      },
      "neighbor_only": {
        "R": {
          "best_teff": 3400,
          "v": -78.97357454072167,
          "chi2": 9673.999126886603,
          "chi2_red": 6.225224663376193
        },
        "Z": {
          "best_teff": 3400,
          "v": -81.39820648946319,
          "chi2": 5674.882342414078,
          "chi2_red": 5.802538182427483
        },
        "combined": {
          "best_teff": 3400,
          "v": -80.64243823035811,
          "chi2": 17039.48395669212,
          "chi2_red": 6.432421274704462
        }
      }
    },
    {
      "label": "Epoch2",
      "mjd": 59605.38,
      "rv_catalog": 59.68,
      "rv_err_catalog": 0.83,
      "primary_only": {
        "R": {
          "best_teff": 3600,
          "v": 73.53842398101013,
          "sigma_v_formal": 3.36890293503424,
          "sigma_v_renorm": 6.447878715588834,
          "chi2": 5571.67707061977,
          "chi2_red": 3.663167041827594
        },
        "Z": {
          "best_teff": 4000,
          "v": 57.93370625833854,
          "sigma_v_formal": 2.560893953707812,
          "sigma_v_renorm": 3.942002146308971,
          "chi2": 2298.3822422460003,
          "chi2_red": 2.369466229119588
        },
        "combined": {
          "best_teff": 3600,
          "v": 61.19388591248306,
          "sigma_v_formal": 1.184556185046166,
          "sigma_v_renorm": 2.176708848802243,
          "chi2": 8806.37029984274,
          "chi2_red": 3.3766757284673083
        }
      },
      "neighbor_only": {
        "R": {
          "best_teff": 3400,
          "v": 62.469609736758215,
          "chi2": 5471.021486593376,
          "chi2_red": 3.5969898005216145
        },
        "Z": {
          "best_teff": 3400,
          "v": 62.51946386759305,
          "chi2": 2658.2442330244485,
          "chi2_red": 2.740457972190153
        },
        "combined": {
          "best_teff": 3400,
          "v": 61.07173539343434,
          "chi2": 8862.810138089608,
          "chi2_red": 3.3983167707398803
        }
      }
    },
    {
      "label": "Epoch3",
      "mjd": 59607.38,
      "rv_catalog": 25.8,
      "rv_err_catalog": 0.8,
      "primary_only": {
        "R": {
          "best_teff": 3400,
          "v": -40.85266468028689,
          "sigma_v_formal": 1.2134976307993208,
          "sigma_v_renorm": 2.6378102734589777,
          "chi2": 7361.6759840484465,
          "chi2_red": 4.725080862675512
        },
        "Z": {
          "best_teff": 4000,
          "v": 25.874927553867636,
          "sigma_v_formal": 3.4229721236384045,
          "sigma_v_renorm": 6.229113704616503,
          "chi2": 3295.102078131063,
          "chi2_red": 3.311660380031219
        },
        "combined": {
          "best_teff": 3600,
          "v": 23.789955984891655,
          "sigma_v_formal": 0.6402989399440885,
          "sigma_v_renorm": 1.3478665858392125,
          "chi2": 11831.491878207287,
          "chi2_red": 4.431270366369771
        }
      },
      "neighbor_only": {
        "R": {
          "best_teff": 3400,
          "v": -40.88666007730074,
          "chi2": 7234.802150899656,
          "chi2_red": 4.64364708016666
        },
        "Z": {
          "best_teff": 3400,
          "v": 33.64489351614112,
          "chi2": 3685.4928611623022,
          "chi2_red": 3.7040129257912584
        },
        "combined": {
          "best_teff": 3400,
          "v": 24.153746134131243,
          "chi2": 11789.236596738272,
          "chi2_red": 4.415444418254035
        }
      }
    }
  ]
}