{
  "P": {
    "median": 11.437776124237084,
    "p16": 9.144844242087066,
    "p84": 13.747153055570505,
    "mean": 11.403414818093946,
    "std": 3.5797162275503296
  },
  "K": {
    "median": 96.28019357722876,
    "p16": 81.88494226834577,
    "p84": 129.13932617946733,
    "mean": 101.37127066786037,
    "std": 20.35042791506137
  },
  "e": {
    "median": 0.3114915450246748,
    "p16": 0.11646599969227955,
    "p84": 0.45567130154661883,
    "mean": 0.30735030940519015,
    "std": 0.16590594001222284
  },
  "omega": {
    "median": 2.2997265240044094,
    "p16": 1.6517399653745788,
    "p84": 4.79340024158766,
    "mean": 2.783308271809084,
    "std": 1.2451822873655487
  },
  "T0": {
    "median": 59587.25750415387,
    "p16": 59553.34511984987,
    "p84": 59597.558764425936,
    "mean": 59581.13589799436,
    "std": 21.575803820560385
  },
  "gamma": {
    "median": -29.639041936524016,
    "p16": -38.74790658217032,
    "p84": -24.23873652551539,
    "mean": -30.765078674720424,
    "std": 7.899357562583867
  },
  "f_M": {
    "median": 1.1138618856877642,
    "p16": 0.6223401728843757,
    "p84": 1.7742486913974511
  },
  "M2_min": {
    "median": 2.3808696747539013,
    "p16": 1.693433652142231,
    "p84": 3.202445531235598
  },
  "probabilities": {
    "P_M2_gt_1.4": 99.9296875,
    "P_M2_gt_3.0": 23.197916666666664,
    "P_M2_gt_5.0": 0.0
  },
  "best_fit": {
    "P": 13.677558943026213,
    "K": 91.92400273249314,
    "e": 0.38478370660458705,
    "omega": 1.971808509017191,
    "T0": 59596.63283444059,
    "gamma": -33.012099720248024,
    "log_L": -17.714576533511213
  },
  "convergence": {
    "n_samples": 38400,
    "acceptance_rate": 0.017552083333333333
  },
  "input": {
    "targetid": 39627634937694383,
    "n_epochs": 5,
    "mjd": [
      59531.33893744,
      59605.14701371,
      59609.09856285,
      59609.1165455,
      59610.10974818
    ],
    "rv": [
      -98.09438481719567,
      21.999801500477993,
      16.23515388225133,
      16.00810214399159,
      -67.5298550453696
    ],
    "rv_err": [
      0.6826449696869626,
      1.6716801708515905,
      1.2770852750383634,
      2.2266829650656588,
      1.0484067567243207
    ],
    "delta_rv": 120.09418631767366,
    "baseline_days": 78.77081074000307,
    "M1_assumed": 1.1
  },
  "fast_screen": {
    "period": 9.03389863211152,
    "K": 124.02162979168526,
    "m2_min": 3.2159212339718395,
    "total_score": 0.7624873571176981
  }
}