{
  "P": {
    "median": 10.22063972685397,
    "p16": 7.0506944644340885,
    "p84": 14.983241433042172,
    "mean": 11.173156455031977,
    "std": 4.459128369796919
  },
  "K": {
    "median": 107.1824324721996,
    "p16": 82.6658015446879,
    "p84": 130.11988302685205,
    "mean": 109.955165461216,
    "std": 28.533725624175304
  },
  "e": {
    "median": 0.29325617310813007,
    "p16": 0.17464177320029406,
    "p84": 0.4106647486055899,
    "mean": 0.27172245054185046,
    "std": 0.11730682306112625
  },
  "omega": {
    "median": 3.2940405676828637,
    "p16": 2.4864318987331293,
    "p84": 4.630716127967423,
    "mean": 3.418073723845324,
    "std": 1.0765930728188384
  },
  "T0": {
    "median": 59585.671553112064,
    "p16": 59549.65665616574,
    "p84": 59649.94607000835,
    "mean": 59598.53306752566,
    "std": 64.42984915085718
  },
  "gamma": {
    "median": -5.99442371299687,
    "p16": -16.674405099839294,
    "p84": 9.972249638826646,
    "mean": -2.811176292081045,
    "std": 16.415452043951426
  },
  "f_M": {
    "median": 1.0078172905167695,
    "p16": 0.6061445287456911,
    "p84": 3.9612758657142333
  },
  "M2_min": {
    "median": 1.5819212847405257,
    "p16": 1.117653327480084,
    "p84": 4.669074735109822
  },
  "probabilities": {
    "P_M2_gt_1.4": 58.97656249999999,
    "P_M2_gt_3.0": 25.348958333333332,
    "P_M2_gt_5.0": 11.315104166666666
  },
  "best_fit": {
    "P": 11.08354436138888,
    "K": 83.96084864571684,
    "e": 0.23610889931806095,
    "omega": 4.217594717768508,
    "T0": 59568.86472832565,
    "gamma": -13.323424009549447,
    "log_L": -5.438359512226087
  },
  "convergence": {
    "n_samples": 38400,
    "acceptance_rate": 0.0034375
  },
  "input": {
    "targetid": 39627745210139276,
    "n_epochs": 4,
    "mjd": [
      59568.488248,
      59605.38003277,
      59607.37393406,
      59607.38852017
    ],
    "rv": [
      -86.39155157444253,
      59.678391968991555,
      26.42652657409842,
      25.156098158694054
    ],
    "rv_err": [
      0.5465829608813039,
      0.8251817154663924,
      1.0620173551471033,
      1.1125645409888967
    ],
    "delta_rv": 146.06994354343408,
    "baseline_days": 38.9002721700017,
    "M1_assumed": 0.4
  },
  "fast_screen": {
    "period": 7.997474951505732,
    "K": 136.80622317171728,
    "m2_min": 2.776892289158852,
    "total_score": 0.6689314208074237
  }
}