{
  "P": {
    "median": 95.06662648179284,
    "p16": 89.79399822744708,
    "p84": 174.05751052551193,
    "mean": 121.33103116586955,
    "std": 43.41452970308008
  },
  "K": {
    "median": 75.83440797455916,
    "p16": 64.24961474014803,
    "p84": 121.20236937537203,
    "mean": 93.93726235296765,
    "std": 40.26795780870293
  },
  "e": {
    "median": 0.42393460547050443,
    "p16": 0.07613623140944167,
    "p84": 0.6854935853013202,
    "mean": 0.39873329602795676,
    "std": 0.2584524629878369
  },
  "omega": {
    "median": 1.2275156761439587,
    "p16": 0.06196245812571324,
    "p84": 5.809927021449696,
    "mean": 2.600710706092125,
    "std": 2.572007611137839
  },
  "T0": {
    "median": 59585.06765302427,
    "p16": 59506.48151209359,
    "p84": 59660.197428389445,
    "mean": 59582.094607458515,
    "std": 66.56558024556185
  },
  "gamma": {
    "median": -391.00740963060264,
    "p16": -400.40680435964987,
    "p84": -379.0256832176136,
    "mean": -388.7740781762898,
    "std": 14.57033963209041
  },
  "f_M": {
    "median": 5.137819760872535,
    "p16": 2.7177686512321753,
    "p84": 23.48660033920672
  },
  "M2_min": {
    "median": 5.477644168689659,
    "p16": 3.7771031538115474,
    "p84": 16.703361902725092
  },
  "probabilities": {
    "P_M2_gt_1.4": 100.0,
    "P_M2_gt_3.0": 94.92411185856452,
    "P_M2_gt_5.0": 56.585311613943404
  },
  "best_fit": {
    "P": 94.34316159127795,
    "K": 113.16706223684153,
    "e": 0.6013586872738124,
    "omega": 5.559307281919716,
    "T0": 59656.847932309465,
    "gamma": -378.20884262447447,
    "log_L": -10.189962012031302
  },
  "convergence": {
    "n_samples": 38400,
    "acceptance_rate": 0.10799479166666667
  },
  "input": {
    "targetid": 39627660803968944,
    "n_epochs": 9,
    "mjd": [
      59550.54508569,
      59554.53362348,
      59560.50546002,
      59611.38166928,
      59616.36537326,
      59640.2946246,
      59651.27273001,
      59672.22923784,
      59672.24158768
    ],
    "rv": [
      -413.0684609641981,
      -426.9626744258521,
      -260.97972454165006,
      -426.7965717038007,
      -421.352511979402,
      -441.48858583791116,
      -388.53368966929276,
      -330.644980805118,
      -310.7596876993515
    ],
    "rv_err": [
      16.1649550922507,
      9.376197804482135,
      41.938834673343955,
      7.665601703894508,
      8.610295102283004,
      8.102189004251446,
      11.16693562380997,
      7.299535149341854,
      6.946820542452425
    ],
    "delta_rv": 180.5088612962611,
    "baseline_days": 121.6965019900017,
    "M1_assumed": 0.7
  },
  "fast_screen": {
    "period": 91.4954252785741,
    "K": 69.61629261151359,
    "m2_min": 4.3191439122533435,
    "total_score": 0.7845217796619764
  }
}