{
  "P": {
    "median": 1.5105285736174812,
    "p16": 0.8358414900232864,
    "p84": 2.0988822147051853,
    "mean": 1.545251359738549,
    "std": 0.6130785967196314
  },
  "K": {
    "median": 166.9711356765964,
    "p16": 121.53295465425747,
    "p84": 233.5630151412326,
    "mean": 173.09376300117296,
    "std": 52.800094187257784
  },
  "e": {
    "median": 0.3242123164391801,
    "p16": 0.12604082121037224,
    "p84": 0.717727348321606,
    "mean": 0.39574034109095785,
    "std": 0.2491859203647078
  },
  "omega": {
    "median": 2.913036990099906,
    "p16": 1.3763456164160068,
    "p84": 4.571506949652533,
    "mean": 2.9369518797266903,
    "std": 1.575317110605737
  },
  "T0": {
    "median": 59647.523624714966,
    "p16": 59393.391006953876,
    "p84": 59748.02504259583,
    "mean": 59608.31774969439,
    "std": 168.3462918128961
  },
  "gamma": {
    "median": 161.3904645973334,
    "p16": 146.56490106148314,
    "p84": 189.5433854368726,
    "mean": 168.18348930274206,
    "std": 30.79885794261539
  },
  "f_M": {
    "median": 0.778284352601863,
    "p16": 0.15451896022308528,
    "p84": 2.400584001229792
  },
  "M2_min": {
    "median": 1.3209825304808605,
    "p16": 0.5003395088787199,
    "p84": 3.0674778052800282
  },
  "probabilities": {
    "P_M2_gt_1.4": 46.166666666666664,
    "P_M2_gt_3.0": 18.432291666666668,
    "P_M2_gt_5.0": 4.166666666666666
  },
  "best_fit": {
    "P": 0.7908038767312073,
    "K": 115.0456043269403,
    "e": 0.14593063760775077,
    "omega": 2.2874833949358244,
    "T0": 59586.395775939214,
    "gamma": 175.99619264690747,
    "log_L": -2.466001037797101
  },
  "convergence": {
    "n_samples": 38400,
    "acceptance_rate": 0.0030729166666666665
  },
  "input": {
    "targetid": 39627672464130135,
    "n_epochs": 7,
    "mjd": [
      59525.5198121,
      59527.51129479,
      59630.23365122,
      59630.25069571,
      59660.13914615,
      59660.15773572,
      59673.11560075
    ],
    "rv": [
      85.62711112760888,
      232.1002110575746,
      196.63217966324396,
      240.56086206560042,
      93.54648962141914,
      125.52461254742035,
      240.64791701847952
    ],
    "rv_err": [
      10.079245197976496,
      15.23255852164852,
      20.634006231475432,
      22.257225291124698,
      21.0319347907665,
      29.95905812633237,
      48.6963180573062
    ],
    "delta_rv": 155.02080589087063,
    "baseline_days": 147.59578865000367,
    "M1_assumed": 0.4
  },
  "fast_screen": {
    "period": 1.0708645280052622,
    "K": 385.1186330968777,
    "m2_min": 7.074453513751429,
    "total_score": 0.7621317685710916
  }
}