{
  "P": {
    "median": 6.391380374529753,
    "p16": 2.903455696058165,
    "p84": 9.339251613243272,
    "mean": 6.971151421933499,
    "std": 4.284233743878515
  },
  "K": {
    "median": 169.30653118563413,
    "p16": 114.97786665475846,
    "p84": 257.1980829935587,
    "mean": 175.54526116528993,
    "std": 59.90569803277632
  },
  "e": {
    "median": 0.26910064888275154,
    "p16": 0.11956157027254022,
    "p84": 0.4029148930038733,
    "mean": 0.28391877819685174,
    "std": 0.13196354080585518
  },
  "omega": {
    "median": 3.341992358025838,
    "p16": 2.0992270497393553,
    "p84": 4.557309706912046,
    "mean": 3.1429472722117318,
    "std": 1.3629759576549336
  },
  "T0": {
    "median": 59588.91335354096,
    "p16": 59562.385657426974,
    "p84": 59626.75653401357,
    "mean": 59606.39716072354,
    "std": 57.800666890384264
  },
  "gamma": {
    "median": -206.926678513981,
    "p16": -239.1523984994616,
    "p84": -190.84613912984506,
    "mean": -210.9180346421139,
    "std": 25.563602719200766
  },
  "f_M": {
    "median": 3.119795525464518,
    "p16": 1.1260777834867817,
    "p84": 8.915849173889775
  },
  "M2_min": {
    "median": 5.185681332979238,
    "p16": 2.7144670243725173,
    "p84": 11.413374546437113
  },
  "probabilities": {
    "P_M2_gt_1.4": 100.0,
    "P_M2_gt_3.0": 76.65625,
    "P_M2_gt_5.0": 53.609375
  },
  "best_fit": {
    "P": 3.0633511805747355,
    "K": 148.71913757799337,
    "e": 0.1339738680873041,
    "omega": 2.9148683799068618,
    "T0": 59666.93110501599,
    "gamma": -234.64852525126364,
    "log_L": -2.161463400619736
  },
  "convergence": {
    "n_samples": 38400,
    "acceptance_rate": 0.006666666666666667
  },
  "input": {
    "targetid": 39627691615322556,
    "n_epochs": 4,
    "mjd": [
      59370.17073567,
      59623.48476431,
      59674.35640514,
      59699.28223861
    ],
    "rv": [
      -357.9221951443648,
      -255.2920166372099,
      -132.92445383839265,
      -118.74694845728571
    ],
    "rv_err": [
      32.01717647670038,
      18.967185823998065,
      6.9368204648215634,
      10.003402842724093
    ],
    "delta_rv": 239.1752466870791,
    "baseline_days": 329.11150294000254,
    "M1_assumed": 1.5
  },
  "fast_screen": {
    "period": 5.38214425343685,
    "K": 266.92484178283996,
    "m2_min": 13.160610314519907,
    "total_score": 0.7034173190352717
  }
}