{
  "P": {
    "median": 22.96187134216862,
    "p16": 12.35744675617199,
    "p84": 29.74582805474408,
    "mean": 23.19549990581104,
    "std": 9.191494245636735
  },
  "K": {
    "median": 234.9962175567799,
    "p16": 183.9629555697692,
    "p84": 275.9070301749202,
    "mean": 228.7821506748492,
    "std": 47.54038287315779
  },
  "e": {
    "median": 0.4959058625288886,
    "p16": 0.08678577765549927,
    "p84": 0.7008164540359304,
    "mean": 0.4312126501568742,
    "std": 0.2556558602867654
  },
  "omega": {
    "median": 2.6403379276187406,
    "p16": 0.14927260673147602,
    "p84": 5.703083418265086,
    "mean": 2.932208140653824,
    "std": 2.568584827310534
  },
  "T0": {
    "median": 59632.880659924216,
    "p16": 59600.247909782054,
    "p84": 59675.780290798255,
    "mean": 59638.7459138561,
    "std": 44.125174672252015
  },
  "gamma": {
    "median": -52.66303760148037,
    "p16": -77.77617443316802,
    "p84": -18.852796516776607,
    "mean": -56.162260010876054,
    "std": 31.696112957593595
  },
  "f_M": {
    "median": 26.000481081163823,
    "p16": 7.919545312931042,
    "p84": 50.99657283911322
  },
  "M2_min": {
    "median": 26.78685717969202,
    "p16": 8.688048751692609,
    "p84": 50.10839298981135
  },
  "probabilities": {
    "P_M2_gt_1.4": 100.0,
    "P_M2_gt_3.0": 100.0,
    "P_M2_gt_5.0": 97.95923913043478
  },
  "best_fit": {
    "P": 12.812562274955955,
    "K": 293.4526584547671,
    "e": 0.814627163196528,
    "omega": 0.48800532567384197,
    "T0": 59561.7167331057,
    "gamma": -49.36402325266265,
    "log_L": -10.598455500417174
  },
  "convergence": {
    "n_samples": 38400,
    "acceptance_rate": 0.02606770833333333
  },
  "input": {
    "targetid": 39627781323096335,
    "n_epochs": 6,
    "mjd": [
      59581.40507896,
      59581.42051052,
      59616.32329882,
      59636.27173593,
      59637.23843618,
      59639.27022643
    ],
    "rv": [
      -88.70128986396408,
      -89.99728439036748,
      -140.16284952492774,
      47.18967801515465,
      86.93088895228645,
      -85.22881011976865
    ],
    "rv_err": [
      7.5891788687975525,
      5.596196089963997,
      7.239845944897414,
      20.14039696006225,
      23.70758827259665,
      8.059904496438776
    ],
    "delta_rv": 227.09373847721417,
    "baseline_days": 57.86514747000183,
    "M1_assumed": 0.7
  },
  "fast_screen": {
    "period": 17.65826370888439,
    "K": 441.78112795186166,
    "m2_min": 5.557731676519734,
    "total_score": 0.7981515060543579
  }
}