{
  "P": {
    "median": 17.10364354088162,
    "p16": 14.36523116777439,
    "p84": 20.240374750823094,
    "mean": 17.153649837360646,
    "std": 2.693927569994641
  },
  "K": {
    "median": 234.8555200458081,
    "p16": 217.26185255627666,
    "p84": 256.0228664773386,
    "mean": 237.26640524825504,
    "std": 19.688108805517473
  },
  "e": {
    "median": 0.22624569963439764,
    "p16": 0.14250155775221973,
    "p84": 0.3186828424394655,
    "mean": 0.23563020743950674,
    "std": 0.10451495730254348
  },
  "omega": {
    "median": 3.2785213134410487,
    "p16": 2.7903160261910696,
    "p84": 3.634166997953124,
    "mean": 3.2406682751914073,
    "std": 0.5994054719077034
  },
  "T0": {
    "median": 59644.80344450691,
    "p16": 59628.21506910275,
    "p84": 59675.54838372433,
    "mean": 59645.90369705328,
    "std": 39.08763916391083
  },
  "gamma": {
    "median": -46.07278871370286,
    "p16": -65.3963520558398,
    "p84": -22.583240663481615,
    "mean": -44.68763407279066,
    "std": 23.474720259317483
  },
  "f_M": {
    "median": 22.924669087776735,
    "p16": 16.135632319149156,
    "p84": 33.02549943709078
  },
  "M2_min": {
    "median": 25.68090116072316,
    "p16": 18.8114887788379,
    "p84": 35.84718259295052
  },
  "probabilities": {
    "P_M2_gt_1.4": 100.0,
    "P_M2_gt_3.0": 100.0,
    "P_M2_gt_5.0": 100.0
  },
  "best_fit": {
    "P": 14.474187134826,
    "K": 222.10033972512778,
    "e": 0.1709650803505086,
    "omega": 3.092408399982641,
    "T0": 59630.567517767784,
    "gamma": -58.59634090402837,
    "log_L": -2.68649102409543
  },
  "convergence": {
    "n_samples": 38400,
    "acceptance_rate": 0.037421875
  },
  "input": {
    "targetid": 39627872045893843,
    "n_epochs": 5,
    "mjd": [
      59608.37206624,
      59651.25461825,
      59660.23765867,
      59660.25035641,
      59665.22926905
    ],
    "rv": [
      121.31564316108138,
      110.40207353860384,
      -301.428563649709,
      -300.7112544995693,
      94.18631709163786
    ],
    "rv_err": [
      5.626457595904841,
      7.673578039771021,
      11.779580328909814,
      10.28810916613914,
      4.2652051166957765
    ],
    "delta_rv": 422.7442068107904,
    "baseline_days": 56.85720281000249,
    "M1_assumed": 1.5
  },
  "fast_screen": {
    "period": 14.486024682498515,
    "K": 223.7304882237787,
    "m2_min": 19.494546164008685,
    "total_score": 0.8194419140806194
  }
}