{
  "P": {
    "median": 34.52603461038757,
    "p16": 24.31885330247349,
    "p84": 49.43150948608245,
    "mean": 36.44518827731552,
    "std": 10.49925392251076
  },
  "K": {
    "median": 77.47019053284907,
    "p16": 54.099746043771354,
    "p84": 115.27736443047917,
    "mean": 82.57463903235772,
    "std": 27.045144988451792
  },
  "e": {
    "median": 0.35374899313001895,
    "p16": 0.19080789199183495,
    "p84": 0.4865653136616398,
    "mean": 0.34806012476647424,
    "std": 0.1585701504195826
  },
  "omega": {
    "median": 2.7364172248113663,
    "p16": 1.9315111935638163,
    "p84": 5.903311052743076,
    "mean": 3.185553932812698,
    "std": 1.637694047106683
  },
  "T0": {
    "median": 59615.82667706929,
    "p16": 59593.72247138894,
    "p84": 59646.44338891292,
    "mean": 59625.32047938085,
    "std": 30.683737280531194
  },
  "gamma": {
    "median": 47.818849811108436,
    "p16": 26.709383419176433,
    "p84": 67.89158565395036,
    "mean": 45.9332753670665,
    "std": 22.274059446476908
  },
  "f_M": {
    "median": 1.6597074062969017,
    "p16": 0.5928017950642103,
    "p84": 5.13158124987686
  },
  "M2_min": {
    "median": 3.0648619548455556,
    "p16": 1.6481503651065434,
    "p84": 6.898553593918225
  },
  "probabilities": {
    "P_M2_gt_1.4": 94.40625,
    "P_M2_gt_3.0": 54.83072916666667,
    "P_M2_gt_5.0": 23.84375
  },
  "best_fit": {
    "P": 33.92886074042029,
    "K": 73.42762819219021,
    "e": 0.27808868315068724,
    "omega": 2.477274055784232,
    "T0": 59610.29288795459,
    "gamma": 53.05878680817926,
    "log_L": -3.6942179394375656
  },
  "convergence": {
    "n_samples": 38400,
    "acceptance_rate": 0.034791666666666665
  },
  "input": {
    "targetid": 39627860838712972,
    "n_epochs": 5,
    "mjd": [
      59618.52732895,
      59623.52186684,
      59652.4267224,
      59652.43909189,
      59673.39638011
    ],
    "rv": [
      25.47533658294662,
      71.12272269512296,
      24.49039207193587,
      23.498214780445096,
      71.98966108294528
    ],
    "rv_err": [
      3.0549513968762727,
      1.3169765514610499,
      2.5412029023472877,
      3.087164389296502,
      1.321057453435784
    ],
    "delta_rv": 48.49144630250018,
    "baseline_days": 54.869051160007075,
    "M1_assumed": 1.1
  },
  "fast_screen": {
    "period": 25.842246372653822,
    "K": 111.79491971626553,
    "m2_min": 5.4152945406059825,
    "total_score": 0.6818524588263405
  }
}