{
  "P": {
    "median": 1.2922975585951215,
    "p16": 0.8504678765703925,
    "p84": 1.9497393886455996,
    "mean": 1.3579629083853932,
    "std": 0.5322557125760914
  },
  "K": {
    "median": 292.0982914531153,
    "p16": 235.408269697726,
    "p84": 315.6480199657963,
    "mean": 280.11090929562795,
    "std": 44.764944183202815
  },
  "e": {
    "median": 0.2657959432383474,
    "p16": 0.16875525845189854,
    "p84": 0.45569009998573523,
    "mean": 0.30169046959333473,
    "std": 0.165021093975899
  },
  "omega": {
    "median": 3.0303555459729896,
    "p16": 1.1192080697587412,
    "p84": 4.8058563566860615,
    "mean": 2.9898173466184783,
    "std": 1.658677831405009
  },
  "T0": {
    "median": 59601.72833249746,
    "p16": 59560.61706816968,
    "p84": 59648.69949397556,
    "mean": 59603.82536809089,
    "std": 61.48326566827303
  },
  "gamma": {
    "median": 286.20954676380103,
    "p16": 262.66793301219764,
    "p84": 305.4628046615884,
    "mean": 284.1275689599437,
    "std": 22.557501935793184
  },
  "f_M": {
    "median": 3.087416550354236,
    "p16": 1.600028073372693,
    "p84": 4.2599669505114095
  },
  "M2_min": {
    "median": 4.201802051995223,
    "p16": 2.5842351684776346,
    "p84": 5.4292640560695595
  },
  "probabilities": {
    "P_M2_gt_1.4": 95.83333333333334,
    "P_M2_gt_3.0": 70.75520833333333,
    "P_M2_gt_5.0": 30.549479166666664
  },
  "best_fit": {
    "P": 0.504168889967954,
    "K": 305.00369105519314,
    "e": 0.45569009998573523,
    "omega": 2.1430804366856853,
    "T0": 59574.86732010111,
    "gamma": 291.60670882526796,
    "log_L": -0.735142730539162
  },
  "convergence": {
    "n_samples": 38400,
    "acceptance_rate": 0.0030729166666666665
  },
  "input": {
    "targetid": 39627867411190557,
    "n_epochs": 4,
    "mjd": [
      59349.41617535,
      59678.49184555,
      59693.44687995,
      59693.46207976
    ],
    "rv": [
      457.38903949487116,
      403.81961422538683,
      94.59742939953168,
      140.80719745937853
    ],
    "rv_err": [
      38.09777083491252,
      4.061153280673276,
      16.877591702052055,
      19.455381896847896
    ],
    "delta_rv": 362.7916100953395,
    "baseline_days": 344.0459044099989,
    "M1_assumed": 0.7
  },
  "fast_screen": {
    "period": 0.905662397840405,
    "K": 447.6149601156029,
    "m2_min": 9.677062821759876,
    "total_score": 0.7094648939278625
  }
}