{
  "P": {
    "median": 10.120021987915333,
    "p16": 7.165964027689174,
    "p84": 16.796773640137275,
    "mean": 11.64182654335969,
    "std": 4.1955415164905565
  },
  "K": {
    "median": 112.29168549475853,
    "p16": 88.69907878588577,
    "p84": 139.56367432878264,
    "mean": 113.63445983457805,
    "std": 26.708728281982445
  },
  "e": {
    "median": 0.2613178517445455,
    "p16": 0.1171234503691328,
    "p84": 0.36620062325694247,
    "mean": 0.25361269580249635,
    "std": 0.12082577522504562
  },
  "omega": {
    "median": 2.710382073267246,
    "p16": 1.4677731052830052,
    "p84": 4.264414087717979,
    "mean": 2.7318178941999536,
    "std": 1.232326935003723
  },
  "T0": {
    "median": 59662.1898721303,
    "p16": 59608.72132692985,
    "p84": 59726.1383131178,
    "mean": 59662.02627373743,
    "std": 64.46684077559296
  },
  "gamma": {
    "median": 362.9131792709397,
    "p16": 335.42420642813613,
    "p84": 376.96938481029713,
    "mean": 355.8183039491502,
    "std": 27.158534208828335
  },
  "f_M": {
    "median": 1.2193761805500427,
    "p16": 0.7737403468226011,
    "p84": 4.6316484748986735
  },
  "M2_min": {
    "median": 2.3385463332244885,
    "p16": 1.7644071441496076,
    "p84": 6.099353869946115
  },
  "probabilities": {
    "P_M2_gt_1.4": 98.83854166666667,
    "P_M2_gt_3.0": 31.963541666666668,
    "P_M2_gt_5.0": 19.8046875
  },
  "best_fit": {
    "P": 7.106897293604533,
    "K": 107.57940425923884,
    "e": 0.3435983141565884,
    "omega": 3.1397096632607724,
    "T0": 59719.994606265675,
    "gamma": 381.16460705822686,
    "log_L": -6.026503510538609
  },
  "convergence": {
    "n_samples": 38400,
    "acceptance_rate": 0.016875
  },
  "input": {
    "targetid": 39627697734815982,
    "n_epochs": 7,
    "mjd": [
      59623.50558852,
      59670.36303479,
      59674.3735767,
      59677.37506469,
      59693.32648793,
      59693.34296411,
      59724.2478332
    ],
    "rv": [
      449.0565083961629,
      225.88078223713296,
      447.87573432547885,
      258.0762563311533,
      370.42958387950176,
      422.1521751130913,
      442.339378045328
    ],
    "rv_err": [
      3.877591028148347,
      22.946625739855413,
      4.067339130015104,
      24.008448381551453,
      16.26975097573825,
      11.332780858523078,
      6.689533834278359
    ],
    "delta_rv": 223.17572615902992,
    "baseline_days": 100.74224468000466,
    "M1_assumed": 0.9
  },
  "fast_screen": {
    "period": 10.204636462149958,
    "K": 134.71264967727552,
    "m2_min": 3.911207178776368,
    "total_score": 0.7715520012203372
  }
}