{
  "P": {
    "median": 36.786767090340874,
    "p16": 32.52885601925398,
    "p84": 54.43779286222335,
    "mean": 41.17078043323695,
    "std": 14.966644422526644
  },
  "K": {
    "median": 99.77475801602742,
    "p16": 68.49471195900169,
    "p84": 137.92109362764924,
    "mean": 105.68235365181577,
    "std": 38.13976948761074
  },
  "e": {
    "median": 0.1804141243228937,
    "p16": 0.07432063366093444,
    "p84": 0.3557862593887532,
    "mean": 0.20138087379300637,
    "std": 0.12741040555023445
  },
  "omega": {
    "median": 2.6800001389837584,
    "p16": 1.09486798791419,
    "p84": 4.469985764253731,
    "mean": 2.71461101731033,
    "std": 1.4282201120829285
  },
  "T0": {
    "median": 59622.87636054085,
    "p16": 59589.63867769419,
    "p84": 59652.447081349776,
    "mean": 59620.85694700167,
    "std": 28.10173897810977
  },
  "gamma": {
    "median": 199.62487912119013,
    "p16": 172.08893435419122,
    "p84": 217.64443846166623,
    "mean": 195.11370529490983,
    "std": 29.491835107935465
  },
  "f_M": {
    "median": 3.809473091597378,
    "p16": 1.5225747668740945,
    "p84": 11.174165060849544
  },
  "M2_min": {
    "median": 5.489229618719932,
    "p16": 2.897866846284968,
    "p84": 13.125566581602913
  },
  "probabilities": {
    "P_M2_gt_1.4": 97.24479166666666,
    "P_M2_gt_3.0": 80.28125,
    "P_M2_gt_5.0": 54.315104166666664
  },
  "best_fit": {
    "P": 31.599823251526242,
    "K": 99.24451386381685,
    "e": 0.45660181608014716,
    "omega": 4.910767560187415,
    "T0": 59626.74866406021,
    "gamma": 243.22732565295553,
    "log_L": -3.8251628966562725
  },
  "convergence": {
    "n_samples": 38400,
    "acceptance_rate": 0.034583333333333334
  },
  "input": {
    "targetid": 39627624485487722,
    "n_epochs": 7,
    "mjd": [
      59559.45962954,
      59559.47700279,
      59559.49192725,
      59592.39216321,
      59677.14141591,
      59677.15950737,
      59677.17428894
    ],
    "rv": [
      152.6838968950092,
      150.9679326131605,
      153.42047286755093,
      161.5191491696742,
      209.67342994617633,
      207.1643251174766,
      209.22847566710448
    ],
    "rv_err": [
      2.649438908022115,
      3.2703365920096266,
      3.5913476605272208,
      2.7545370661524435,
      2.551182429001112,
      3.470131323973907,
      4.105943756629063
    ],
    "delta_rv": 58.70549733301581,
    "baseline_days": 117.71465940000053,
    "M1_assumed": 1.1
  },
  "fast_screen": {
    "period": 32.4757822794142,
    "K": 128.19085247277314,
    "m2_min": 8.939785071259884,
    "total_score": 0.7290228665185052
  }
}