{
  "P": {
    "median": 17.65277512018053,
    "p16": 12.518166504281556,
    "p84": 20.43171409581781,
    "mean": 16.507384380603,
    "std": 4.1038039269106745
  },
  "K": {
    "median": 216.33505499931297,
    "p16": 192.73393648658066,
    "p84": 245.3250999162271,
    "mean": 219.26303416288764,
    "std": 25.620621820931007
  },
  "e": {
    "median": 0.24632199140631852,
    "p16": 0.11414058949891312,
    "p84": 0.398223540865002,
    "mean": 0.26097044026775706,
    "std": 0.13507696045618195
  },
  "omega": {
    "median": 4.297648509242201,
    "p16": 0.16335023382965497,
    "p84": 5.831477736859632,
    "mean": 3.0611703712176777,
    "std": 2.5270687912345413
  },
  "T0": {
    "median": 59691.20715901484,
    "p16": 59668.490642771896,
    "p84": 59719.11856545181,
    "mean": 59690.761316236974,
    "std": 41.07184515558215
  },
  "gamma": {
    "median": 52.60328372030444,
    "p16": 22.538727758591193,
    "p84": 72.97544010392949,
    "mean": 49.92030518544515,
    "std": 23.581464800887797
  },
  "f_M": {
    "median": 15.762250729901355,
    "p16": 10.421796858863736,
    "p84": 31.063539421873493
  },
  "M2_min": {
    "median": 16.53412878421132,
    "p16": 11.180826239479178,
    "p84": 31.848716648300346
  },
  "probabilities": {
    "P_M2_gt_1.4": 100.0,
    "P_M2_gt_3.0": 100.0,
    "P_M2_gt_5.0": 100.0
  },
  "best_fit": {
    "P": 13.178777570655749,
    "K": 202.54361320972595,
    "e": 0.15168047262599055,
    "omega": 5.369784153275312,
    "T0": 59691.523467177176,
    "gamma": 55.55468516653687,
    "log_L": -2.592996355019361
  },
  "convergence": {
    "n_samples": 38400,
    "acceptance_rate": 0.027135416666666665
  },
  "input": {
    "targetid": 39627920607545906,
    "n_epochs": 4,
    "mjd": [
      59676.26770571,
      59699.20063167,
      59703.18706291,
      59706.18553625
    ],
    "rv": [
      -41.0996126874439,
      -102.31687609780911,
      16.312614941351548,
      277.6633600606809
    ],
    "rv_err": [
      27.608317686440596,
      9.9921877453654,
      16.995441353091348,
      9.371191154137398
    ],
    "delta_rv": 379.98023615849,
    "baseline_days": 29.91783053999825,
    "M1_assumed": 0.4
  },
  "fast_screen": {
    "period": 11.18122227721177,
    "K": 226.45925355077964,
    "m2_min": 14.221773516380887,
    "total_score": 0.7022925859951686
  }
}