{
  "P": {
    "median": 16.08533188609507,
    "p16": 14.172221975917395,
    "p84": 27.446966265601855,
    "mean": 18.531111239811032,
    "std": 9.50129969231041
  },
  "K": {
    "median": 154.62510325988762,
    "p16": 108.10063853489538,
    "p84": 209.37219671545023,
    "mean": 156.86920914444022,
    "std": 50.63810703868448
  },
  "e": {
    "median": 0.27489702846188224,
    "p16": 0.09874488589246488,
    "p84": 0.5860865426201851,
    "mean": 0.348475324940903,
    "std": 0.23490943873378978
  },
  "omega": {
    "median": 2.8844772692966343,
    "p16": 1.3252169310721233,
    "p84": 4.904371341431604,
    "mean": 2.9064988997843573,
    "std": 1.553792964891527
  },
  "T0": {
    "median": 59564.24502830845,
    "p16": 59504.28921692252,
    "p84": 59610.48992207088,
    "mean": 59573.00822145045,
    "std": 97.85646440381284
  },
  "gamma": {
    "median": -193.15054575093367,
    "p16": -207.98934672939902,
    "p84": -163.29139989790698,
    "mean": -190.61042805091247,
    "std": 25.910999511878856
  },
  "f_M": {
    "median": 5.302393384497828,
    "p16": 1.545714855871077,
    "p84": 20.55121986619013
  },
  "M2_min": {
    "median": 7.078442867271261,
    "p16": 2.9262350833553827,
    "p84": 22.6004276217304
  },
  "probabilities": {
    "P_M2_gt_1.4": 99.90364583333333,
    "P_M2_gt_3.0": 81.57552083333334,
    "P_M2_gt_5.0": 63.817708333333336
  },
  "best_fit": {
    "P": 6.035122981948275,
    "K": 183.8457545063384,
    "e": 0.05011360974897994,
    "omega": 1.477826385150424,
    "T0": 59567.81585176802,
    "gamma": -196.7603102076024,
    "log_L": -2.0960820202853974
  },
  "convergence": {
    "n_samples": 38400,
    "acceptance_rate": 0.018020833333333333
  },
  "input": {
    "targetid": 39627580969583320,
    "n_epochs": 5,
    "mjd": [
      59517.40827366,
      59531.33893743,
      59549.30452166,
      59586.20141257,
      59624.1146522
    ],
    "rv": [
      -73.58661257888274,
      -128.27760663947254,
      -93.1159796846519,
      -231.21600953170466,
      -371.93991637437176
    ],
    "rv_err": [
      12.557945336021103,
      11.270042929650835,
      16.18587270093424,
      16.08065937415845,
      40.39366440803389
    ],
    "delta_rv": 298.353303795489,
    "baseline_days": 106.70637853999506,
    "M1_assumed": 1.1
  },
  "fast_screen": {
    "period": 16.363324594010546,
    "K": 160.5609592870802,
    "m2_min": 8.866864073677615,
    "total_score": 0.7488887338382922
  }
}