{
  "P": {
    "median": 11.627375265111574,
    "p16": 2.510204839733894,
    "p84": 23.7012529558391,
    "mean": 12.903305758280835,
    "std": 11.22953823213908
  },
  "K": {
    "median": 152.33863645119513,
    "p16": 110.03365271261097,
    "p84": 219.445298442041,
    "mean": 163.79195695406887,
    "std": 53.59612827564739
  },
  "e": {
    "median": 0.3214419287145678,
    "p16": 0.1528303705302329,
    "p84": 0.5827491592387963,
    "mean": 0.3457805703841739,
    "std": 0.19057840219877625
  },
  "omega": {
    "median": 4.335638916592543,
    "p16": 2.323645454260409,
    "p84": 5.3932539276619,
    "mean": 4.026490686378501,
    "std": 1.437306208442892
  },
  "T0": {
    "median": 59590.13386039114,
    "p16": 59528.879697671364,
    "p84": 59660.98982931436,
    "mean": 59585.79913361631,
    "std": 71.46648600219234
  },
  "gamma": {
    "median": -135.61926215455406,
    "p16": -171.02445731438715,
    "p84": -102.38118558266693,
    "mean": -134.51226784526753,
    "std": 31.029661311486592
  },
  "f_M": {
    "median": 3.781763039460752,
    "p16": 0.4377264422078196,
    "p84": 23.815937834905498
  },
  "M2_min": {
    "median": 5.203181107725792,
    "p16": 1.2743428047472236,
    "p84": 25.525023535073146
  },
  "probabilities": {
    "P_M2_gt_1.4": 81.79427083333334,
    "P_M2_gt_3.0": 60.94270833333333,
    "P_M2_gt_5.0": 52.0859375
  },
  "best_fit": {
    "P": 2.4977977143609382,
    "K": 114.54036691869386,
    "e": 0.2194995863177281,
    "omega": 4.398144299083273,
    "T0": 59675.57625895127,
    "gamma": -144.64499160952016,
    "log_L": -1.7797682361500964
  },
  "convergence": {
    "n_samples": 38400,
    "acceptance_rate": 0.017447916666666667
  },
  "input": {
    "targetid": 39627775400742282,
    "n_epochs": 6,
    "mjd": [
      59604.38070978,
      59604.39718747,
      59620.33810775,
      59620.34997824,
      59636.30484506,
      59639.29761436
    ],
    "rv": [
      -91.68676573163327,
      -123.7453485133535,
      -250.1526803889655,
      -273.07102479589906,
      -41.43443344398658,
      -96.38072518292698
    ],
    "rv_err": [
      42.60601862339888,
      37.62863508342591,
      15.768323941626386,
      13.853739503419998,
      29.030555128290604,
      33.551616651605684
    ],
    "delta_rv": 231.6365913519125,
    "baseline_days": 34.916904580000846,
    "M1_assumed": 0.9
  },
  "fast_screen": {
    "period": 10.361266118579055,
    "K": 164.4668562831455,
    "m2_min": 6.250249567310829,
    "total_score": 0.7903166422654245
  }
}