{
  "P": {
    "median": 1.1167576526045935,
    "p16": 0.7680664298399134,
    "p84": 1.508880797100684,
    "mean": 1.1171369190637217,
    "std": 0.29951808859016354
  },
  "K": {
    "median": 262.45074740696595,
    "p16": 232.33246558553014,
    "p84": 333.0919327160839,
    "mean": 273.9082857337868,
    "std": 49.25849196904417
  },
  "e": {
    "median": 0.2567529630936974,
    "p16": 0.1531675620739238,
    "p84": 0.378750527987677,
    "mean": 0.2568580032315642,
    "std": 0.11017623692883191
  },
  "omega": {
    "median": 3.851620368716728,
    "p16": 1.3709953963524033,
    "p84": 5.386318578703144,
    "mean": 3.5287742947451117,
    "std": 1.6843843528767934
  },
  "T0": {
    "median": 59680.790985069674,
    "p16": 59659.65711419231,
    "p84": 59703.50670348938,
    "mean": 59681.54369512411,
    "std": 27.180890763737345
  },
  "gamma": {
    "median": 102.95888403417929,
    "p16": 80.14385881197822,
    "p84": 118.32600781876893,
    "mean": 101.80137547370539,
    "std": 21.272703106497072
  },
  "f_M": {
    "median": 2.091294847797991,
    "p16": 1.1517076983940397,
    "p84": 4.5195716805455115
  },
  "M2_min": {
    "median": 3.5758417734125674,
    "p16": 2.430251164563789,
    "p84": 6.25035338733161
  },
  "probabilities": {
    "P_M2_gt_1.4": 100.0,
    "P_M2_gt_3.0": 67.28125,
    "P_M2_gt_5.0": 29.651041666666668
  },
  "best_fit": {
    "P": 0.8981173135896583,
    "K": 238.5408184125106,
    "e": 0.08741943688743188,
    "omega": 3.851620368716728,
    "T0": 59673.79987686621,
    "gamma": 110.2085176422525,
    "log_L": -0.9148294382612243
  },
  "convergence": {
    "n_samples": 38400,
    "acceptance_rate": 0.0027083333333333334
  },
  "input": {
    "targetid": 39627697768369126,
    "n_epochs": 4,
    "mjd": [
      59621.530884,
      59670.40209132,
      59677.37506468,
      59699.31412792
    ],
    "rv": [
      -84.67491898988642,
      268.24073192575867,
      -99.13994621547573,
      321.75888855945453
    ],
    "rv_err": [
      4.34799986375962,
      25.982720192572398,
      8.78149768419314,
      19.56255381092175
    ],
    "delta_rv": 420.89883477493026,
    "baseline_days": 77.78324391999922,
    "M1_assumed": 1.1
  },
  "fast_screen": {
    "period": 0.8521286639487476,
    "K": 374.5729941279195,
    "m2_min": 6.378381431593519,
    "total_score": 0.7226948035527874
  }
}