{
  "P": {
    "median": 39.82848275381818,
    "p16": 18.429395809230403,
    "p84": 56.31361908144402,
    "mean": 40.28426103636102,
    "std": 15.952410075021518
  },
  "K": {
    "median": 286.7610184496198,
    "p16": 231.77710367653418,
    "p84": 354.1811178161234,
    "mean": 294.3376522845899,
    "std": 57.130868670453786
  },
  "e": {
    "median": 0.17465993008307054,
    "p16": 0.05612252755460012,
    "p84": 0.32373997632172197,
    "mean": 0.2071977309152298,
    "std": 0.1627570727614205
  },
  "omega": {
    "median": 3.347419209188756,
    "p16": 1.1919893357952562,
    "p84": 5.77397310287221,
    "mean": 3.261398565389885,
    "std": 1.913142055306386
  },
  "T0": {
    "median": 59537.9841810046,
    "p16": 59480.64497205146,
    "p84": 59590.47502747872,
    "mean": 59538.59462053928,
    "std": 55.971439164332814
  },
  "gamma": {
    "median": 24.78698130413775,
    "p16": -8.090085389037156,
    "p84": 45.91773811847971,
    "mean": 21.186015291186084,
    "std": 27.559986618170758
  },
  "f_M": {
    "median": 91.52466172493422,
    "p16": 54.86261537239919,
    "p84": 157.19606063953808
  },
  "M2_min": {
    "median": 65.4878033329527,
    "p16": 44.922463961650124,
    "p84": 83.42300653648368
  },
  "probabilities": {
    "P_M2_gt_1.4": 100.0,
    "P_M2_gt_3.0": 100.0,
    "P_M2_gt_5.0": 100.0
  },
  "best_fit": {
    "P": 46.958758873382415,
    "K": 233.37948557847903,
    "e": 0.4083238412776503,
    "omega": 1.4087444575328485,
    "T0": 59541.30023560295,
    "gamma": 24.766007140106755,
    "log_L": -3.986185681045908
  },
  "convergence": {
    "n_samples": 38400,
    "acceptance_rate": 0.034869791666666664
  },
  "input": {
    "targetid": 39627569259091193,
    "n_epochs": 4,
    "mjd": [
      59504.44255543,
      59530.37640086,
      59545.36400743,
      59585.21425525
    ],
    "rv": [
      -171.2398947124481,
      206.59552388803348,
      -160.48939865607673,
      266.615457020432
    ],
    "rv_err": [
      11.889889151985134,
      34.21132505190975,
      11.614744205078479,
      41.99065077520119
    ],
    "delta_rv": 437.8553517328801,
    "baseline_days": 80.7716998199976,
    "M1_assumed": 1.1
  },
  "fast_screen": {
    "period": 32.4757822794142,
    "K": 324.4129418236167,
    "m2_min": 5.102764790208748,
    "total_score": 0.7132586745005237
  }
}