{
  "P": {
    "median": 40.736079095842356,
    "p16": 20.560394788538687,
    "p84": 41.86972969210163,
    "mean": 37.17573835136454,
    "std": 10.76632527049743
  },
  "K": {
    "median": 66.85266515443783,
    "p16": 57.13053919357782,
    "p84": 96.38525108794401,
    "mean": 75.69784318571224,
    "std": 22.285284499271146
  },
  "e": {
    "median": 0.2355881648264516,
    "p16": 0.11873329159586782,
    "p84": 0.3438153396931012,
    "mean": 0.2467146717143397,
    "std": 0.1362088053705306
  },
  "omega": {
    "median": 3.0577091540335006,
    "p16": 1.071629935790035,
    "p84": 3.885793310041816,
    "mean": 2.6840314950465767,
    "std": 1.3054984606719475
  },
  "T0": {
    "median": 59695.074017376355,
    "p16": 59657.20788913714,
    "p84": 59726.58589618943,
    "mean": 59695.96157372379,
    "std": 38.5160039616631
  },
  "gamma": {
    "median": -308.17889624404904,
    "p16": -319.93170006807884,
    "p84": -291.3022692457637,
    "mean": -306.15647457477104,
    "std": 12.045803363059289
  },
  "f_M": {
    "median": 1.1968850425043343,
    "p16": 0.5376943280554617,
    "p84": 3.826068816674578
  },
  "M2_min": {
    "median": 2.488732348721557,
    "p16": 1.561819770197298,
    "p84": 5.507153741050685
  },
  "probabilities": {
    "P_M2_gt_1.4": 89.0546875,
    "P_M2_gt_3.0": 42.541666666666664,
    "P_M2_gt_5.0": 23.2421875
  },
  "best_fit": {
    "P": 40.81470021831077,
    "K": 57.17347413510716,
    "e": 0.0701803141319275,
    "omega": 4.134610697822156,
    "T0": 59713.8293833887,
    "gamma": -319.68267787527395,
    "log_L": -3.740876202109322
  },
  "convergence": {
    "n_samples": 38400,
    "acceptance_rate": 0.02796875
  },
  "input": {
    "targetid": 39627800969222315,
    "n_epochs": 4,
    "mjd": [
      59683.47108613,
      59699.433462,
      59699.44597415,
      59724.36980559
    ],
    "rv": [
      -269.261767063359,
      -335.430383945032,
      -335.6065135371273,
      -269.09206373455214
    ],
    "rv_err": [
      1.0520236100746172,
      0.8094277840895494,
      0.8132870194683183,
      0.8197479078092694
    ],
    "delta_rv": 66.51444980257514,
    "baseline_days": 40.89871946000494,
    "M1_assumed": 1.1
  },
  "fast_screen": {
    "period": 28.749963430734507,
    "K": 83.21020360638681,
    "m2_min": 3.1329244145567587,
    "total_score": 0.6812209509232303
  }
}