{
  "P": {
    "median": 10.40276221676922,
    "p16": 9.95461767275767,
    "p84": 26.57763985777954,
    "mean": 17.87181272625971,
    "std": 12.45400432065873
  },
  "K": {
    "median": 258.0485856897584,
    "p16": 243.0723438453016,
    "p84": 277.5371898026999,
    "mean": 258.4364096279059,
    "std": 16.627290117201134
  },
  "e": {
    "median": 0.44389828255987857,
    "p16": 0.15086057708988765,
    "p84": 0.646397027528945,
    "mean": 0.40247299232028494,
    "std": 0.22257391815514804
  },
  "omega": {
    "median": 3.2820969536662807,
    "p16": 0.1266396662915712,
    "p84": 5.226748184812502,
    "mean": 2.811021639597079,
    "std": 1.8969891466989879
  },
  "T0": {
    "median": 59645.76217846902,
    "p16": 59590.5328700161,
    "p84": 59681.28403831188,
    "mean": 59633.85220478586,
    "std": 50.86923770547302
  },
  "gamma": {
    "median": -366.1038753288437,
    "p16": -387.9609594044912,
    "p84": -301.3733103207485,
    "mean": -357.3648089935554,
    "std": 42.51403130027255
  },
  "f_M": {
    "median": 22.55692246525992,
    "p16": 16.72450438071594,
    "p84": 48.31254575179479
  },
  "M2_min": {
    "median": 24.638487190376107,
    "p16": 17.63422586575393,
    "p84": 47.277482866704744
  },
  "probabilities": {
    "P_M2_gt_1.4": 100.0,
    "P_M2_gt_3.0": 100.0,
    "P_M2_gt_5.0": 100.0
  },
  "best_fit": {
    "P": 10.325269176399154,
    "K": 273.37905457929077,
    "e": 0.16452049475762415,
    "omega": 3.720791780049704,
    "T0": 59645.912197427904,
    "gamma": -364.7941287735373,
    "log_L": -3.3618591099832766
  },
  "convergence": {
    "n_samples": 38400,
    "acceptance_rate": 0.021041666666666667
  },
  "input": {
    "targetid": 39627697256661738,
    "n_epochs": 5,
    "mjd": [
      59663.30425023,
      59673.28055912,
      59674.26996906,
      59678.25800449,
      59678.27236447
    ],
    "rv": [
      -371.1263103149548,
      -322.3164181397164,
      -466.37215348887463,
      -364.4785537311456,
      -361.76602817349993
    ],
    "rv_err": [
      5.491926908579978,
      4.726084723498251,
      1.2552980214155571,
      6.965869744947193,
      6.489443706283417
    ],
    "delta_rv": 144.05573534915823,
    "baseline_days": 14.968114240000432,
    "M1_assumed": 1.5
  },
  "fast_screen": {
    "period": 14.934125684484204,
    "K": 446.7902090876361,
    "m2_min": 5.495879085510533,
    "total_score": 0.7120632832401871
  }
}