{
  "P": {
    "median": 8.664986552809705,
    "p16": 8.269501720597681,
    "p84": 11.279817590350971,
    "mean": 9.25742219439907,
    "std": 4.287404117960553
  },
  "K": {
    "median": 231.68547256887433,
    "p16": 179.56128206662788,
    "p84": 271.6617957818265,
    "mean": 228.29138592087736,
    "std": 40.09311343693803
  },
  "e": {
    "median": 0.29710914753686113,
    "p16": 0.18183849593098406,
    "p84": 0.36177879552597136,
    "mean": 0.29058885015589,
    "std": 0.09598692914364566
  },
  "omega": {
    "median": 4.222713582853641,
    "p16": 0.4868096218135183,
    "p84": 5.940235432072617,
    "mean": 3.54045613694254,
    "std": 2.4258660082639967
  },
  "T0": {
    "median": 59615.01089045792,
    "p16": 59594.80019561025,
    "p84": 59627.172739081354,
    "mean": 59611.4973520416,
    "std": 16.94526707423756
  },
  "gamma": {
    "median": 182.9893779650089,
    "p16": 173.7420064398505,
    "p84": 198.22495511079416,
    "mean": 186.76006993762456,
    "std": 14.19820645126795
  },
  "f_M": {
    "median": 9.133608347670915,
    "p16": 4.416189561580453,
    "p84": 22.877447000166505
  },
  "M2_min": {
    "median": 10.730056666348986,
    "p16": 5.87331897980341,
    "p84": 24.58321269144686
  },
  "probabilities": {
    "P_M2_gt_1.4": 100.0,
    "P_M2_gt_3.0": 96.1953125,
    "P_M2_gt_5.0": 90.69010416666666
  },
  "best_fit": {
    "P": 8.578035880007318,
    "K": 231.47369907621027,
    "e": 0.3245718068628382,
    "omega": 5.9421969402671815,
    "T0": 59615.34659980808,
    "gamma": 190.433795036531,
    "log_L": -3.6182863094283704
  },
  "convergence": {
    "n_samples": 38400,
    "acceptance_rate": 0.022265625
  },
  "input": {
    "targetid": 39627805893329991,
    "n_epochs": 5,
    "mjd": [
      59606.44345404,
      59606.45851091,
      59611.42988913,
      59620.40267832,
      59645.33833507
    ],
    "rv": [
      409.2312602774013,
      442.65894037593773,
      35.0184460792599,
      30.430681358623392,
      44.02352065611331
    ],
    "rv_err": [
      10.391008317873547,
      16.228959478877204,
      1.5343781239374064,
      1.2819191863873207,
      1.5494998659561565
    ],
    "delta_rv": 412.2282590173143,
    "baseline_days": 38.89488102999894,
    "M1_assumed": 0.9
  },
  "fast_screen": {
    "period": 8.24486349444083,
    "K": 252.04406376750097,
    "m2_min": 15.330798778986601,
    "total_score": 0.7989826405381849
  }
}