{
  "P": {
    "median": 8.641955974286379,
    "p16": 1.6438052739881517,
    "p84": 14.35711431281301,
    "mean": 8.822031361201805,
    "std": 6.148326465696821
  },
  "K": {
    "median": 197.96406958556847,
    "p16": 146.08472946890708,
    "p84": 252.48958739820608,
    "mean": 201.13943327143002,
    "std": 53.47930790282186
  },
  "e": {
    "median": 0.21448749547142953,
    "p16": 0.062425137073889275,
    "p84": 0.3194300115667665,
    "mean": 0.2274319181529943,
    "std": 0.1573100454039137
  },
  "omega": {
    "median": 3.090281759860864,
    "p16": 1.8963590589874983,
    "p84": 4.574780976874363,
    "mean": 3.175796386775941,
    "std": 1.3736319203597287
  },
  "T0": {
    "median": 59580.2356974672,
    "p16": 59535.474766105086,
    "p84": 59607.35098851853,
    "mean": 59575.95389209823,
    "std": 44.90846001684112
  },
  "gamma": {
    "median": -106.55561466563091,
    "p16": -125.4650598624959,
    "p84": -74.31016480103224,
    "mean": -103.9294539954371,
    "std": 35.669613371154064
  },
  "f_M": {
    "median": 4.823389649411343,
    "p16": 1.4312734332075847,
    "p84": 18.27898476557621
  },
  "M2_min": {
    "median": 6.011992291256747,
    "p16": 2.391689353992265,
    "p84": 19.607429197635614
  },
  "probabilities": {
    "P_M2_gt_1.4": 93.10677083333333,
    "P_M2_gt_3.0": 80.99479166666667,
    "P_M2_gt_5.0": 58.419270833333336
  },
  "best_fit": {
    "P": 8.645629714318842,
    "K": 170.40272122744668,
    "e": 0.21383387443906843,
    "omega": 3.6866495552442986,
    "T0": 59560.63790246881,
    "gamma": -76.65145761594712,
    "log_L": -2.327166294941274
  },
  "convergence": {
    "n_samples": 38400,
    "acceptance_rate": 0.007421875
  },
  "input": {
    "targetid": 39627594278113473,
    "n_epochs": 4,
    "mjd": [
      59528.48405859,
      59531.47772359,
      59638.17985518,
      59639.17433913
    ],
    "rv": [
      44.56339383914217,
      -26.849479370542824,
      -287.9916994962545,
      -147.57202609884268
    ],
    "rv_err": [
      37.12993323640125,
      31.18460291661155,
      28.42530859354057,
      7.790205681647972
    ],
    "delta_rv": 332.5550933353967,
    "baseline_days": 110.690280539995,
    "M1_assumed": 0.7
  },
  "fast_screen": {
    "period": 6.972929485442259,
    "K": 250.27650917747465,
    "m2_min": 12.617570570370578,
    "total_score": 0.7024327645512844
  }
}