{
  "P": {
    "median": 107.53991701326942,
    "p16": 76.80924268595895,
    "p84": 160.02409275508094,
    "mean": 116.62760584691415,
    "std": 46.5700704311063
  },
  "K": {
    "median": 62.24895015989881,
    "p16": 27.734097057406053,
    "p84": 105.38900887188592,
    "mean": 74.38160212090241,
    "std": 50.81537879231241
  },
  "e": {
    "median": 0.44496091659706727,
    "p16": 0.24521454894765976,
    "p84": 0.6500454639390404,
    "mean": 0.44009182829527677,
    "std": 0.1904239131694293
  },
  "omega": {
    "median": 3.329724759456838,
    "p16": 1.9085704367285825,
    "p84": 4.4832742545116115,
    "mean": 3.164393434506455,
    "std": 1.3922801077831624
  },
  "T0": {
    "median": 59500.48113282327,
    "p16": 59476.63963455902,
    "p84": 59543.325278125594,
    "mean": 59505.76431721816,
    "std": 29.912883330800174
  },
  "gamma": {
    "median": 31.401038455787635,
    "p16": 13.59314597391377,
    "p84": 47.95795430671767,
    "mean": 31.671110853926663,
    "std": 21.127136811548297
  },
  "f_M": {
    "median": 2.62750755348494,
    "p16": 0.2301748829861819,
    "p84": 12.190047372840837
  },
  "M2_min": {
    "median": 3.9776149853330893,
    "p16": 1.0069859841139888,
    "p84": 13.330288142626728
  },
  "probabilities": {
    "P_M2_gt_1.4": 72.1585482330468,
    "P_M2_gt_3.0": 56.82903533906399,
    "P_M2_gt_5.0": 46.484665180940254
  },
  "best_fit": {
    "P": 76.86893684250502,
    "K": 38.04509857623387,
    "e": 0.3000671814882919,
    "omega": 3.5957350704205093,
    "T0": 59511.7651551906,
    "gamma": 25.49696851070286,
    "log_L": -4.75571679871786
  },
  "convergence": {
    "n_samples": 38400,
    "acceptance_rate": 0.03875
  },
  "input": {
    "targetid": 39627691564992866,
    "n_epochs": 7,
    "mjd": [
      59365.18483005,
      59365.19889837,
      59369.166884,
      59369.18167052,
      59699.28223857,
      59705.25459301,
      59705.2705648
    ],
    "rv": [
      12.182840736973201,
      11.841126649650457,
      26.904072306294797,
      31.741724655900065,
      51.88729012258538,
      47.79067688207969,
      48.59671720313963
    ],
    "rv_err": [
      3.142228476934959,
      3.610815512394627,
      4.068159511156426,
      3.9914682599362092,
      2.5418398839549448,
      3.160871349094786,
      3.2974476937322135
    ],
    "delta_rv": 40.04616347293492,
    "baseline_days": 340.08573474999866,
    "M1_assumed": 1.1
  },
  "fast_screen": {
    "period": 106.54971339276437,
    "K": 101.6382764135066,
    "m2_min": 13.549544237418258,
    "total_score": 0.6972511796679406
  }
}