{
  "P": {
    "median": 2.2968618343148908,
    "p16": 1.2240342403994475,
    "p84": 3.439626467930368,
    "mean": 2.3659475008914344,
    "std": 1.0275750703709894
  },
  "K": {
    "median": 218.083225384724,
    "p16": 128.16392873546027,
    "p84": 269.0953538238626,
    "mean": 212.41049910944648,
    "std": 58.438576353189525
  },
  "e": {
    "median": 0.5685544451950191,
    "p16": 0.2876988967192139,
    "p84": 0.7445653009945833,
    "mean": 0.5360796256209461,
    "std": 0.22432545786154878
  },
  "omega": {
    "median": 2.0620760217334033,
    "p16": 0.3871827286177014,
    "p84": 4.874246037015294,
    "mean": 2.5144957623617503,
    "std": 1.9300920902888825
  },
  "T0": {
    "median": 59660.541161213965,
    "p16": 59589.73154722313,
    "p84": 59697.013666679864,
    "mean": 59650.45555645103,
    "std": 73.79878847281867
  },
  "gamma": {
    "median": 92.6624682594769,
    "p16": 68.43719141748686,
    "p84": 113.8800896859938,
    "mean": 98.13620632859293,
    "std": 35.38707590655276
  },
  "f_M": {
    "median": 2.0815264662729582,
    "p16": 0.6876765448862656,
    "p84": 4.4587772680871485
  },
  "M2_min": {
    "median": 3.5644792248258774,
    "p16": 1.7914535400051501,
    "p84": 6.185610156418865
  },
  "probabilities": {
    "P_M2_gt_1.4": 94.5390625,
    "P_M2_gt_3.0": 59.916666666666664,
    "P_M2_gt_5.0": 28.7421875
  },
  "best_fit": {
    "P": 3.439626467930368,
    "K": 124.54256104866597,
    "e": 0.8297932424684922,
    "omega": 3.6617003525545946,
    "T0": 59697.013666679864,
    "gamma": 81.69669839942287,
    "log_L": -7.339969917947948
  },
  "convergence": {
    "n_samples": 38400,
    "acceptance_rate": 0.0030729166666666665
  },
  "input": {
    "targetid": 39627775883085095,
    "n_epochs": 5,
    "mjd": [
      59586.5343869,
      59606.47794183,
      59622.43799169,
      59622.45269562,
      59662.3341281
    ],
    "rv": [
      45.604202155610565,
      97.58530220435992,
      112.14166654009395,
      111.16222087035207,
      29.79944442390676
    ],
    "rv_err": [
      1.9991928733650974,
      3.668204236520507,
      3.0006556280674426,
      2.851222325674367,
      2.1244593720097824
    ],
    "delta_rv": 82.34222211618719,
    "baseline_days": 75.79974120000406,
    "M1_assumed": 1.1
  },
  "fast_screen": {
    "period": 1.325404988921122,
    "K": 430.36121963132825,
    "m2_min": 12.893240733873924,
    "total_score": 0.7140525308997508
  }
}