{
  "P": {
    "median": 1.1415157482706189,
    "p16": 0.8579204154695239,
    "p84": 1.9780294602352384,
    "mean": 1.2864233468446704,
    "std": 0.5209575105485396
  },
  "K": {
    "median": 261.0489358814507,
    "p16": 219.9420141318276,
    "p84": 279.9278789018874,
    "mean": 253.8060080602979,
    "std": 32.55678609835973
  },
  "e": {
    "median": 0.20840178468909315,
    "p16": 0.06986606112220012,
    "p84": 0.4570845631475219,
    "mean": 0.25390206955009775,
    "std": 0.18130317322464606
  },
  "omega": {
    "median": 4.190759521708931,
    "p16": 1.4805827839794619,
    "p84": 5.1369485590231285,
    "mean": 3.582238169317365,
    "std": 1.770251178994224
  },
  "T0": {
    "median": 59561.7748134658,
    "p16": 59513.82793642926,
    "p84": 59600.301702879704,
    "mean": 59558.10189322171,
    "std": 39.8648008206692
  },
  "gamma": {
    "median": -135.07778784505564,
    "p16": -153.95479740065397,
    "p84": -106.9316201103943,
    "mean": -130.15059263803374,
    "std": 29.90690692396559
  },
  "f_M": {
    "median": 2.3653746719608364,
    "p16": 0.905841840335203,
    "p84": 3.553142373877951
  },
  "M2_min": {
    "median": 3.0309070110356,
    "p16": 1.4671198252950073,
    "p84": 4.25293788787811
  },
  "probabilities": {
    "P_M2_gt_1.4": 85.75,
    "P_M2_gt_3.0": 50.4375,
    "P_M2_gt_5.0": 6.690104166666666
  },
  "best_fit": {
    "P": 1.1113782862789507,
    "K": 256.8825184051863,
    "e": 0.10878574702925925,
    "omega": 4.240519034167326,
    "T0": 59589.41969398352,
    "gamma": -114.71002977398874,
    "log_L": -0.4294715001422788
  },
  "convergence": {
    "n_samples": 38400,
    "acceptance_rate": 0.0030989583333333333
  },
  "input": {
    "targetid": 39627860964543690,
    "n_epochs": 4,
    "mjd": [
      59371.23964262,
      59371.25253416,
      59736.24142476,
      59736.25293442
    ],
    "rv": [
      -253.41258336471802,
      -255.55498143882446,
      -40.75649625125481,
      -17.84321420617977
    ],
    "rv_err": [
      8.805044157184227,
      14.734418301769177,
      11.835254559213942,
      9.685092080867594
    ],
    "delta_rv": 237.7117672326447,
    "baseline_days": 365.01329180000175,
    "M1_assumed": 0.4
  },
  "fast_screen": {
    "period": 1.228208639863351,
    "K": 442.5491171853556,
    "m2_min": 11.790617901272714,
    "total_score": 0.7234567203732197
  }
}