{
  "P": {
    "median": 34.84024723875635,
    "p16": 23.435260762470847,
    "p84": 48.95981077356171,
    "mean": 40.19165023093019,
    "std": 20.776224676840005
  },
  "K": {
    "median": 151.7079183301102,
    "p16": 113.71393538014172,
    "p84": 192.19199076359456,
    "mean": 154.91944488822637,
    "std": 47.67475269075074
  },
  "e": {
    "median": 0.29696274881930895,
    "p16": 0.09796825524012376,
    "p84": 0.6290037771150673,
    "mean": 0.34658393873487564,
    "std": 0.2389592639390932
  },
  "omega": {
    "median": 1.4182465262996538,
    "p16": 0.5339237749165181,
    "p84": 3.9581927968147657,
    "mean": 1.9634430488485834,
    "std": 1.6931894844314883
  },
  "T0": {
    "median": 59597.2090620764,
    "p16": 59545.39177304644,
    "p84": 59651.24126283162,
    "mean": 59596.31370869069,
    "std": 71.92660175189066
  },
  "gamma": {
    "median": -271.7562521158011,
    "p16": -317.6366804223311,
    "p84": -245.21173491401944,
    "mean": -279.51210083120355,
    "std": 38.05821540277254
  },
  "f_M": {
    "median": 11.74475724192651,
    "p16": 4.699201735579302,
    "p84": 35.38861795790221
  },
  "M2_min": {
    "median": 11.979213249999793,
    "p16": 5.4185979909138915,
    "p84": 31.82043094234793
  },
  "probabilities": {
    "P_M2_gt_1.4": 94.48913043478261,
    "P_M2_gt_3.0": 89.89673913043478,
    "P_M2_gt_5.0": 85.33695652173913
  },
  "best_fit": {
    "P": 34.469852128353544,
    "K": 156.81763192661256,
    "e": 0.380168787195046,
    "omega": 0.9213612963402817,
    "T0": 59612.370102043365,
    "gamma": -268.45332410081977,
    "log_L": -3.5580433802656732
  },
  "convergence": {
    "n_samples": 38400,
    "acceptance_rate": 0.03802083333333333
  },
  "input": {
    "targetid": 39627921429627193,
    "n_epochs": 4,
    "mjd": [
      59365.30703465,
      59670.46704515,
      59725.31883481,
      59732.29754873
    ],
    "rv": [
      -129.35735687950313,
      -236.30793814973939,
      -387.19281181603833,
      -335.00927555876166
    ],
    "rv_err": [
      44.386539869287034,
      21.727999478695132,
      12.167706910006679,
      14.556672552823688
    ],
    "delta_rv": 257.8354549365352,
    "baseline_days": 366.9905140799965,
    "M1_assumed": 0.4
  },
  "fast_screen": {
    "period": 25.066845338954327,
    "K": 144.28804443904954,
    "m2_min": 8.54891800544158,
    "total_score": 0.700192010564923
  }
}