{
  "P": {
    "median": 59.42001133236532,
    "p16": 23.62401739565786,
    "p84": 78.2784500698695,
    "mean": 54.876540142944435,
    "std": 28.722271433604373
  },
  "K": {
    "median": 39.125801314418304,
    "p16": 11.833363696403632,
    "p84": 102.6292883950126,
    "mean": 55.058785542791675,
    "std": 47.93347564612691
  },
  "e": {
    "median": 0.3839985046438227,
    "p16": 0.10924202141414929,
    "p84": 0.7356773756652157,
    "mean": 0.4001195088055733,
    "std": 0.2599968897642833
  },
  "omega": {
    "median": 2.5239507334825833,
    "p16": 0.14362656600068785,
    "p84": 4.61445850423811,
    "mean": 2.3859546657229966,
    "std": 1.8384447511888935
  },
  "T0": {
    "median": 59598.75162320452,
    "p16": 59523.7853602856,
    "p84": 59723.52667529211,
    "mean": 59617.14380859116,
    "std": 100.79724585244136
  },
  "gamma": {
    "median": 28.630688554423514,
    "p16": 16.31338430126553,
    "p84": 48.510079957613954,
    "mean": 31.516335845096982,
    "std": 19.632880488421776
  },
  "f_M": {
    "median": 0.182233101233271,
    "p16": 0.011232198958627605,
    "p84": 6.502266481419253
  },
  "M2_min": {
    "median": 0.8999602608131672,
    "p16": 0.2772194475160634,
    "p84": 8.332382149999194
  },
  "probabilities": {
    "P_M2_gt_1.4": 42.875,
    "P_M2_gt_3.0": 23.763020833333336,
    "P_M2_gt_5.0": 18.778645833333332
  },
  "best_fit": {
    "P": 2.491309785409179,
    "K": 39.125801314418304,
    "e": 0.3048809966224965,
    "omega": 2.5239507334825833,
    "T0": 59836.60647472576,
    "gamma": 11.190885115375963,
    "log_L": -10.117598360367827
  },
  "convergence": {
    "n_samples": 38400,
    "acceptance_rate": 0.033203125
  },
  "input": {
    "targetid": 39627793683711308,
    "n_epochs": 6,
    "mjd": [
      59613.39449132,
      59613.41361961,
      59613.42554179,
      59615.39203604,
      59619.37311365,
      59643.32196211
    ],
    "rv": [
      25.41335075352992,
      22.038814592819268,
      21.912077557113143,
      -5.315545836865299,
      45.21927590017143,
      24.215766528180257
    ],
    "rv_err": [
      2.720069012938071,
      3.877943576855914,
      3.7502985703505134,
      3.3534151410719635,
      3.3862802826146106,
      3.651143618539204
    ],
    "delta_rv": 50.53482173703673,
    "baseline_days": 29.927470789996732,
    "M1_assumed": 1.1
  },
  "fast_screen": {
    "period": 24.687913717252084,
    "K": 149.6532731916652,
    "m2_min": 10.469420640379669,
    "total_score": 0.6877577926092586
  }
}