{
  "P": {
    "median": 31.86347915493533,
    "p16": 29.827488820885065,
    "p84": 81.12441287450255,
    "mean": 48.14971918436865,
    "std": 37.70638453023332
  },
  "K": {
    "median": 70.25349984156057,
    "p16": 55.31023821608994,
    "p84": 130.57773831427818,
    "mean": 96.53331201096047,
    "std": 60.30778786879477
  },
  "e": {
    "median": 0.3964346926885782,
    "p16": 0.10766908596511693,
    "p84": 0.6973531469262628,
    "mean": 0.3942376088958183,
    "std": 0.25255707023427315
  },
  "omega": {
    "median": 3.6568572422901724,
    "p16": 0.0661125852448767,
    "p84": 5.662061887299912,
    "mean": 3.007304044241725,
    "std": 2.125483557311958
  },
  "T0": {
    "median": 59535.924429529805,
    "p16": 59492.29142728482,
    "p84": 59604.24470160356,
    "mean": 59543.274307417756,
    "std": 66.97401022779178
  },
  "gamma": {
    "median": -63.695633968734086,
    "p16": -94.44987547498265,
    "p84": -44.840704081424704,
    "mean": -76.38948850875119,
    "std": 48.429427279759174
  },
  "f_M": {
    "median": 1.296918122335336,
    "p16": 0.47703826896400753,
    "p84": 21.80576014302155
  },
  "M2_min": {
    "median": 2.2776902693497854,
    "p16": 1.313350591809363,
    "p84": 14.168598252956519
  },
  "probabilities": {
    "P_M2_gt_1.4": 80.9530483531885,
    "P_M2_gt_3.0": 36.65031534688157,
    "P_M2_gt_5.0": 20.658724597056764
  },
  "best_fit": {
    "P": 30.146001532200096,
    "K": 96.1852705949426,
    "e": 0.011010105321262287,
    "omega": 5.568146533352645,
    "T0": 59566.222223364515,
    "gamma": -34.256593117726325,
    "log_L": -5.490198087998679
  },
  "convergence": {
    "n_samples": 38400,
    "acceptance_rate": 0.0371875
  },
  "input": {
    "targetid": 39632994691977319,
    "n_epochs": 7,
    "mjd": [
      59519.41053347,
      59519.42502565,
      59527.38194059,
      59534.38079842,
      59551.32539747,
      59560.29727599,
      59560.3088242
    ],
    "rv": [
      -77.93518248145672,
      -95.5246158693277,
      -112.0868513325599,
      12.799717243664631,
      -104.71042909133502,
      -79.8166132175757,
      -61.256754123308994
    ],
    "rv_err": [
      6.948112229809583,
      17.86297776375373,
      7.243111786498349,
      5.63662250162081,
      6.940743867201157,
      8.336831468697966,
      7.006841785962709
    ],
    "delta_rv": 124.88656857622453,
    "baseline_days": 40.89829073000146,
    "M1_assumed": 0.9
  },
  "fast_screen": {
    "period": 30.094225323812626,
    "K": 95.99862154569084,
    "m2_min": 4.101862753193734,
    "total_score": 0.7169129182122361
  }
}