{
  "P": {
    "median": 96.46922845971079,
    "p16": 90.55392732839213,
    "p84": 134.67593833567992,
    "mean": 109.68267295170929,
    "std": 26.662629001566984
  },
  "K": {
    "median": 278.63155566612795,
    "p16": 232.42495839574912,
    "p84": 334.3106550311413,
    "mean": 279.21070851651024,
    "std": 43.32654058390034
  },
  "e": {
    "median": 0.31749381003679783,
    "p16": 0.12004241487925128,
    "p84": 0.4391732604618995,
    "mean": 0.3032862120934984,
    "std": 0.14254155659468692
  },
  "omega": {
    "median": 3.036976597020877,
    "p16": 0.6198472961927013,
    "p84": 4.580493594514252,
    "mean": 2.909889481973441,
    "std": 1.8657001743455608
  },
  "T0": {
    "median": 59593.22086777568,
    "p16": 59553.07881028855,
    "p84": 59619.195732653796,
    "mean": 59588.22773561485,
    "std": 37.537947100812076
  },
  "gamma": {
    "median": 246.8678660500846,
    "p16": 223.29031544267485,
    "p84": 271.5243612552487,
    "mean": 247.13493587781622,
    "std": 31.704682225315516
  },
  "f_M": {
    "median": 235.37532828607095,
    "p16": 146.3594983711029,
    "p84": 381.2837118533547
  },
  "M2_min": {
    "median": 92.13247174259956,
    "p16": 91.14619261902844,
    "p84": 92.3267865016097
  },
  "probabilities": {
    "P_M2_gt_1.4": 100.0,
    "P_M2_gt_3.0": 100.0,
    "P_M2_gt_5.0": 100.0
  },
  "best_fit": {
    "P": 89.4562879838354,
    "K": 258.73900810245664,
    "e": 0.2821957280938629,
    "omega": 4.3324598194169495,
    "T0": 59603.29700653255,
    "gamma": 244.28948349584738,
    "log_L": -4.523690099422204
  },
  "convergence": {
    "n_samples": 38400,
    "acceptance_rate": 0.07575520833333334
  },
  "input": {
    "targetid": 39632971258400629,
    "n_epochs": 4,
    "mjd": [
      59350.23672069,
      59672.34385576,
      59690.30619959,
      59728.19479243
    ],
    "rv": [
      466.59109510365477,
      37.04946647328996,
      51.37654752385088,
      402.43376824969306
    ],
    "rv_err": [
      31.586488109413327,
      7.727103812095683,
      4.763772623368294,
      26.29373385507185
    ],
    "delta_rv": 429.5416286303648,
    "baseline_days": 377.9580717399949,
    "M1_assumed": 0.9
  },
  "fast_screen": {
    "period": 71.705873556283,
    "K": 287.5454048967281,
    "m2_min": 5.80906455174614,
    "total_score": 0.7217143121308199
  }
}