{
  "P": {
    "median": 0.9063401870630413,
    "p16": 0.80576001604433,
    "p84": 1.190869957270935,
    "mean": 0.9655594435846433,
    "std": 0.23974159597638436
  },
  "K": {
    "median": 232.52805244608223,
    "p16": 184.90808752105983,
    "p84": 267.2318452692223,
    "mean": 227.52523945805578,
    "std": 42.661491831991896
  },
  "e": {
    "median": 0.3809548850989577,
    "p16": 0.22207882039899812,
    "p84": 0.6314777841868011,
    "mean": 0.3923417372033897,
    "std": 0.19805406060201253
  },
  "omega": {
    "median": 2.5304332277099144,
    "p16": 1.0755822485317017,
    "p84": 3.8461902418198024,
    "mean": 2.476109961150486,
    "std": 1.3556390481055323
  },
  "T0": {
    "median": 59705.19112375593,
    "p16": 59649.945780624534,
    "p84": 59749.85445395074,
    "mean": 59703.90475795302,
    "std": 51.30925319620595
  },
  "gamma": {
    "median": -318.50333238979175,
    "p16": -348.29977180600577,
    "p84": -291.5971532134165,
    "mean": -317.3670556179902,
    "std": 40.82143099610502
  },
  "f_M": {
    "median": 1.267022082465743,
    "p16": 0.7043566238146953,
    "p84": 1.6787277737624897
  },
  "M2_min": {
    "median": 2.9099298008870496,
    "p16": 2.0835702624603076,
    "p84": 3.4536299051386488
  },
  "probabilities": {
    "P_M2_gt_1.4": 93.81510416666666,
    "P_M2_gt_3.0": 43.395833333333336,
    "P_M2_gt_5.0": 0.0
  },
  "best_fit": {
    "P": 1.0663596467089607,
    "K": 205.340681951494,
    "e": 0.28995592314148194,
    "omega": 1.142349434673953,
    "T0": 59724.6510536818,
    "gamma": -327.230297565209,
    "log_L": -0.8990767682985795
  },
  "convergence": {
    "n_samples": 38400,
    "acceptance_rate": 0.002942708333333333
  },
  "input": {
    "targetid": 39632936437288261,
    "n_epochs": 4,
    "mjd": [
      59672.48181361,
      59672.4946745,
      59679.45992095,
      59708.36756478
    ],
    "rv": [
      -399.4859340024144,
      -418.4090555878437,
      -306.397482638979,
      -204.8204445738158
    ],
    "rv_err": [
      14.697884781704373,
      11.619653856253397,
      8.506362676132705,
      10.178698957202768
    ],
    "delta_rv": 213.5886110140279,
    "baseline_days": 35.88575116999709,
    "M1_assumed": 1.5
  },
  "fast_screen": {
    "period": 0.6379911487080479,
    "K": 407.67661260743546,
    "m2_min": 6.706408192874183,
    "total_score": 0.7087510572246072
  }
}