{
  "P": {
    "median": 26.346894971421985,
    "p16": 13.158869693674669,
    "p84": 77.27897484793053,
    "mean": 36.2422270352877,
    "std": 30.22980824945248
  },
  "K": {
    "median": 247.43826241140016,
    "p16": 165.62310073759667,
    "p84": 294.3460329442512,
    "mean": 236.04321790053757,
    "std": 52.78941618906391
  },
  "e": {
    "median": 0.28772793952220344,
    "p16": 0.047879163529065946,
    "p84": 0.5937581808315273,
    "mean": 0.32125309047657863,
    "std": 0.256089339321721
  },
  "omega": {
    "median": 1.6229224562835323,
    "p16": 0.30186000226634135,
    "p84": 3.4462145144356215,
    "mean": 1.927566706320412,
    "std": 1.4990243914801515
  },
  "T0": {
    "median": 59671.229445772326,
    "p16": 59593.46099590544,
    "p84": 59706.7383547816,
    "mean": 59653.728169586284,
    "std": 61.871755056499616
  },
  "gamma": {
    "median": 47.37498980996513,
    "p16": -16.924812255365154,
    "p84": 83.8498888724745,
    "mean": 37.23223340866473,
    "std": 48.18209010396657
  },
  "f_M": {
    "median": 35.3774678849187,
    "p16": 11.264523903596169,
    "p84": 114.1237712080063
  },
  "M2_min": {
    "median": 25.161986368248545,
    "p16": 11.608420603005543,
    "p84": 44.77650050402299
  },
  "probabilities": {
    "P_M2_gt_1.4": 98.33641404805915,
    "P_M2_gt_3.0": 97.59055679865098,
    "P_M2_gt_5.0": 94.13042773291824
  },
  "best_fit": {
    "P": 17.091292164105486,
    "K": 269.17170810193574,
    "e": 0.347370186354645,
    "omega": 2.6463504111888985,
    "T0": 59692.51516134175,
    "gamma": 45.982222674486586,
    "log_L": -4.21851383760119
  },
  "convergence": {
    "n_samples": 38400,
    "acceptance_rate": 0.02453125
  },
  "input": {
    "targetid": 39632986462751504,
    "n_epochs": 4,
    "mjd": [
      59672.44443286,
      59697.36329894,
      59698.3581811,
      59708.3290433
    ],
    "rv": [
      139.99753611225137,
      24.503833030599182,
      112.62615879421546,
      -65.48577516026423
    ],
    "rv_err": [
      6.441520125380289,
      15.249810034153361,
      11.455653580505134,
      24.13002002316783
    ],
    "delta_rv": 205.4833112725156,
    "baseline_days": 35.88461043999996,
    "M1_assumed": 0.7
  },
  "fast_screen": {
    "period": 26.238895698253792,
    "K": 424.57950474827646,
    "m2_min": 6.0802763638348365,
    "total_score": 0.7048039043886821
  }
}