{
  "P": {
    "median": 5.7550012531332575,
    "p16": 4.895444998276435,
    "p84": 6.09729736389159,
    "mean": 6.05972511253053,
    "std": 1.3865837311829403
  },
  "K": {
    "median": 190.0011064073581,
    "p16": 164.80956509903646,
    "p84": 272.0527982093091,
    "mean": 205.85306466685296,
    "std": 44.93112923405554
  },
  "e": {
    "median": 0.3018877127937075,
    "p16": 0.10183466957091125,
    "p84": 0.5181031972282983,
    "mean": 0.31095222237227554,
    "std": 0.18162618484192558
  },
  "omega": {
    "median": 2.9960743638843477,
    "p16": 2.1964678295960605,
    "p84": 4.386706101036082,
    "mean": 3.2010394598077885,
    "std": 1.086873267433308
  },
  "T0": {
    "median": 59685.426419298696,
    "p16": 59644.411648810186,
    "p84": 59762.00380492875,
    "mean": 59696.4917997568,
    "std": 53.14315427861089
  },
  "gamma": {
    "median": 146.199308852909,
    "p16": 108.60015488577318,
    "p84": 170.02685208207748,
    "mean": 138.33665156052896,
    "std": 35.200081387467705
  },
  "f_M": {
    "median": 4.916343505190617,
    "p16": 2.5326785775073506,
    "p84": 10.663035822918012
  },
  "M2_min": {
    "median": 5.63861013204237,
    "p16": 3.2044354431863042,
    "p84": 11.422894487436219
  },
  "probabilities": {
    "P_M2_gt_1.4": 100.0,
    "P_M2_gt_3.0": 88.609375,
    "P_M2_gt_5.0": 56.848958333333336
  },
  "best_fit": {
    "P": 4.849574326345845,
    "K": 200.87109735750326,
    "e": 0.2771788582735191,
    "omega": 2.0520829687900006,
    "T0": 59686.57470368181,
    "gamma": 122.57108636229395,
    "log_L": -1.6527194228125461
  },
  "convergence": {
    "n_samples": 38400,
    "acceptance_rate": 0.015885416666666666
  },
  "input": {
    "targetid": 39632940988106485,
    "n_epochs": 4,
    "mjd": [
      59665.35407169,
      59671.34397771,
      59697.26088856,
      59698.25570799
    ],
    "rv": [
      263.28168997670787,
      258.0782236504602,
      -51.773335239622504,
      130.37961337555996
    ],
    "rv_err": [
      17.07863832895892,
      17.557420954163067,
      17.749479632940677,
      17.363353667365452
    ],
    "delta_rv": 315.05502521633036,
    "baseline_days": 32.901636299997335,
    "M1_assumed": 0.4
  },
  "fast_screen": {
    "period": 4.1542764522831055,
    "K": 271.0245764188181,
    "m2_min": 9.320156315071735,
    "total_score": 0.7023756882930657
  }
}