{
  "targetid": 39627691564992866,
  "experiment": "E8_anomalies",
  "ra": 0.0,
  "dec": 0.0,
  "n_epochs": 7,
  "delta_rv": 40.04616347293492,
  "best_period": 106.54971339276437,
  "best_K": 101.6382764135066,
  "m2_min": 13.549544237418258,
  "physics_score": 0.8,
  "total_score": 0.8400000000000001,
  "is_pathological": false,
  "pathology_reasons": [],
  "notes": "Basic dossier - full MCMC not run"
}