{
  "targetid": 39627624485487722,
  "experiment": "E8_anomalies",
  "ra": 0.0,
  "dec": 0.0,
  "n_epochs": 7,
  "delta_rv": 58.70549733301581,
  "best_period": 32.4757822794142,
  "best_K": 128.19085247277314,
  "m2_min": 8.939785071259884,
  "physics_score": 0.8,
  "total_score": 0.8400000000000001,
  "is_pathological": false,
  "pathology_reasons": [],
  "notes": "Basic dossier - full MCMC not run"
}