{
  "targetid": 39627775883085095,
  "experiment": "E8_anomalies",
  "ra": 0.0,
  "dec": 0.0,
  "n_epochs": 5,
  "delta_rv": 82.34222211618719,
  "best_period": 1.325404988921122,
  "best_K": 430.36121963132825,
  "m2_min": 12.893240733873924,
  "physics_score": 0.9,
  "total_score": 0.84,
  "is_pathological": false,
  "pathology_reasons": [],
  "notes": "Basic dossier - full MCMC not run"
}