{
  "parallax_mas": 0.11894892049256606,
  "parallax_err_mas": 0.15998485684394836,
  "distance_pc": 1000.0,
  "wobble_rms_mas": 37.376023981572274,
  "wobble_rms_arcsec": 0.037376023981572276,
  "wobble_amplitude_au": 37.376023981572274,
  "typical_ps1_precision_mas": 100.0,
  "wobble_detection": false,
  "interpretation": "Consistent with measurement noise"
}