{
  "P": {
    "median": 1.4664062198337675,
    "p16": 0.9504441182983955,
    "p84": 1.7910426203078034,
    "mean": 1.398673340545408,
    "std": 0.45745461387629754
  },
  "K": {
    "median": 92.02204237648789,
    "p16": 58.47181724461464,
    "p84": 175.88833257737707,
    "mean": 107.49878967373044,
    "std": 55.32899064169157
  },
  "e": {
    "median": 0.2227098378039163,
    "p16": 0.0535551546438367,
    "p84": 0.4213156110849513,
    "mean": 0.24252045524663007,
    "std": 0.18235954089889161
  },
  "omega": {
    "median": 3.237662579094593,
    "p16": 0.5569427362582164,
    "p84": 5.447383079994403,
    "mean": 3.044159114428813,
    "std": 2.000657177565816
  },
  "T0": {
    "median": 59647.84119749899,
    "p16": 59590.01748085812,
    "p84": 59667.189917640404,
    "mean": 59639.71876703656,
    "std": 35.648256922748566
  },
  "gamma": {
    "median": 379.5143596820888,
    "p16": 362.5711264918769,
    "p84": 395.43324895366806,
    "mean": 380.1993768993647,
    "std": 15.518149772502646
  },
  "f_M": {
    "median": 0.0945510112069507,
    "p16": 0.022889273797882158,
    "p84": 0.6671498618909363
  },
  "M2_min": {
    "median": 0.665470966429908,
    "p16": 0.3664912956893249,
    "p84": 1.7609565588764493
  },
  "probabilities": {
    "P_M2_gt_1.4": 20.833333333333336,
    "P_M2_gt_3.0": 4.166666666666666,
    "P_M2_gt_5.0": 2.9010416666666665
  },
  "best_fit": {
    "P": 1.48972332227112,
    "K": 112.82670659438409,
    "e": 0.48161882468942174,
    "omega": 0.4757206752899501,
    "T0": 59663.992025893014,
    "gamma": 403.41142116234175,
    "log_L": -4.070920614694259
  },
  "convergence": {
    "n_samples": 38400,
    "acceptance_rate": 0.0025
  },
  "input": {
    "targetid": 39627811333346374,
    "n_epochs": 5,
    "mjd": [
      59535.50512754,
      59621.27327066,
      59638.23933275,
      59638.25188097,
      59639.21556073
    ],
    "rv": [
      408.9909421176776,
      332.64395861389454,
      397.2917384193179,
      407.56137185523755,
      340.8017028615881
    ],
    "rv_err": [
      2.9987981959399037,
      3.170837499210749,
      4.946731067194376,
      4.649043942202937,
      1.5996572159097295
    ],
    "delta_rv": 76.34698350378306,
    "baseline_days": 103.71043319000455,
    "M1_assumed": 1.1
  },
  "fast_screen": {
    "period": 1.0546764346599125,
    "K": 144.84920569901237,
    "m2_min": 1.2101956943491015,
    "total_score": 0.6871399298158452
  }
}