{
  "P": {
    "median": 2.5163479485964384,
    "p16": 1.6623115267754023,
    "p84": 4.027765263064715,
    "mean": 2.686714967605111,
    "std": 0.9475197102836272
  },
  "K": {
    "median": 50.29409137125517,
    "p16": 35.82507212276466,
    "p84": 55.637918906190194,
    "mean": 48.23103861639514,
    "std": 9.294919540895737
  },
  "e": {
    "median": 0.19193101397013623,
    "p16": 0.075841201544918,
    "p84": 0.2655015851833098,
    "mean": 0.171848483218239,
    "std": 0.09282088027340296
  },
  "omega": {
    "median": 1.9827465260354145,
    "p16": 1.0004732091080186,
    "p84": 3.450205749886808,
    "mean": 2.1583650315401504,
    "std": 1.2370604042993187
  },
  "T0": {
    "median": 59693.402435964315,
    "p16": 59672.36553322481,
    "p84": 59702.82933060044,
    "mean": 59690.90849380784,
    "std": 26.753311652358168
  },
  "gamma": {
    "median": -10.330274127602074,
    "p16": -28.19588863176355,
    "p84": 1.8843621761337195,
    "mean": -11.377156765421981,
    "std": 11.507404987799648
  },
  "f_M": {
    "median": 0.02974119691522899,
    "p16": 0.013217417472380802,
    "p84": 0.053003194053372
  },
  "M2_min": {
    "median": 0.40730557108628734,
    "p16": 0.29521859285727076,
    "p84": 0.5176310662042375
  },
  "probabilities": {
    "P_M2_gt_1.4": 0.0,
    "P_M2_gt_3.0": 0.0,
    "P_M2_gt_5.0": 0.0
  },
  "best_fit": {
    "P": 2.8648678569080728,
    "K": 35.17541484948297,
    "e": 0.2495004134005396,
    "omega": 1.4509876182700996,
    "T0": 59673.89709718225,
    "gamma": -11.058400427823983,
    "log_L": -6.6452793926748
  },
  "convergence": {
    "n_samples": 38400,
    "acceptance_rate": 0.007057291666666667
  },
  "input": {
    "targetid": 39627854614366474,
    "n_epochs": 5,
    "mjd": [
      59673.35066314,
      59693.29108626,
      59693.30925671,
      59700.26430096,
      59700.27925826
    ],
    "rv": [
      24.37517396152738,
      20.418746344939006,
      21.507386230088112,
      -43.46043011555051,
      -46.659551125601254
    ],
    "rv_err": [
      0.4121627755605187,
      0.5117380041371604,
      0.5385725699437125,
      0.7929274277277292,
      0.755722831722217
    ],
    "delta_rv": 71.03472508712863,
    "baseline_days": 26.928595119999954,
    "M1_assumed": 1.1
  },
  "fast_screen": {
    "period": 2.030377242588287,
    "K": 49.66112233847923,
    "m2_min": 0.3843214699621728,
    "total_score": 0.689131888331908
  }
}