{
  "P": {
    "median": 2.2308770009854353,
    "p16": 1.5800006148976813,
    "p84": 2.820604763668551,
    "mean": 2.6411354880267157,
    "std": 1.3671851000915516
  },
  "K": {
    "median": 55.22882332536729,
    "p16": 46.49497318634694,
    "p84": 66.15541552469286,
    "mean": 55.84330732457432,
    "std": 10.142542341932716
  },
  "e": {
    "median": 0.2678202833525888,
    "p16": 0.14639898907483423,
    "p84": 0.34931248098041556,
    "mean": 0.27313344661168504,
    "std": 0.14984689157550826
  },
  "omega": {
    "median": 3.2232838517713747,
    "p16": 1.055023424171328,
    "p84": 5.352499299850515,
    "mean": 3.1183616947120445,
    "std": 1.811306859841702
  },
  "T0": {
    "median": 59719.408699064865,
    "p16": 59698.99166149007,
    "p84": 59771.01474249734,
    "mean": 59731.10661919856,
    "std": 45.89564292827895
  },
  "gamma": {
    "median": 130.49003564071003,
    "p16": 119.18348524212422,
    "p84": 135.81830578536878,
    "mean": 129.08433165017206,
    "std": 7.249275226122812
  },
  "f_M": {
    "median": 0.04445910424869266,
    "p16": 0.026716403759508327,
    "p84": 0.05862087410113038
  },
  "M2_min": {
    "median": 0.4280106908485291,
    "p16": 0.34619096720210085,
    "p84": 0.4819649395786246
  },
  "probabilities": {
    "P_M2_gt_1.4": 0.0,
    "P_M2_gt_3.0": 0.0,
    "P_M2_gt_5.0": 0.0
  },
  "best_fit": {
    "P": 2.2264778858596954,
    "K": 60.364289278951844,
    "e": 0.1368659440577667,
    "omega": 3.9474724219919053,
    "T0": 59727.92565006905,
    "gamma": 133.93175429061944,
    "log_L": -11.421165561663226
  },
  "convergence": {
    "n_samples": 38400,
    "acceptance_rate": 0.008072916666666667
  },
  "input": {
    "targetid": 39627914769073900,
    "n_epochs": 9,
    "mjd": [
      59705.22788621,
      59705.24091211,
      59715.18730651,
      59718.1867396,
      59725.16495561,
      59725.1771857,
      59726.17010244,
      59726.18845658,
      59730.15919352
    ],
    "rv": [
      82.43285082116282,
      85.25655726037138,
      191.2356014981186,
      135.37849693241586,
      98.67525751880278,
      96.08395141369185,
      174.8337933515221,
      162.59641296971242,
      92.86966111377811
    ],
    "rv_err": [
      3.50516999323561,
      3.781590436860137,
      2.7244123132931986,
      5.567817887212076,
      3.7261786950571136,
      3.4663959441993915,
      4.07438246407358,
      4.1264634273730785,
      3.1501177336803976
    ],
    "delta_rv": 108.80275067695578,
    "baseline_days": 24.931307309998374,
    "M1_assumed": 0.9
  },
  "fast_screen": {
    "period": 1.7974400423299601,
    "K": 57.704955696191035,
    "m2_min": 0.3906308085750233,
    "total_score": 0.7255326464026288
  }
}