{
  "P": {
    "median": 1.7631588802281493,
    "p16": 0.998282795515543,
    "p84": 2.713371190748462,
    "mean": 1.9851535846194686,
    "std": 0.9841441774520875
  },
  "K": {
    "median": 233.8152220857079,
    "p16": 184.71876563629542,
    "p84": 285.84351757997734,
    "mean": 228.15832759218858,
    "std": 56.10077714912092
  },
  "e": {
    "median": 0.39972681268343413,
    "p16": 0.04143895594631164,
    "p84": 0.7138513321012516,
    "mean": 0.3679031424751285,
    "std": 0.28624972767013646
  },
  "omega": {
    "median": 1.662020608530887,
    "p16": 0.5831975570978389,
    "p84": 3.4997151103926467,
    "mean": 2.287372946555271,
    "std": 1.6892495967697878
  },
  "T0": {
    "median": 59630.261578886166,
    "p16": 59578.49511038651,
    "p84": 59681.73264718672,
    "mean": 59627.90497893199,
    "std": 42.64540257532573
  },
  "gamma": {
    "median": 75.75551570392255,
    "p16": 39.76000626181721,
    "p84": 111.03978348265738,
    "mean": 72.66493599705547,
    "std": 40.77941162473287
  },
  "f_M": {
    "median": 2.377665694829523,
    "p16": 1.0544619788532905,
    "p84": 4.76280719981331
  },
  "M2_min": {
    "median": 3.9055986850082776,
    "p16": 2.3025910458333736,
    "p84": 6.508713483597289
  },
  "probabilities": {
    "P_M2_gt_1.4": 91.93489583333333,
    "P_M2_gt_3.0": 65.92708333333334,
    "P_M2_gt_5.0": 25.770833333333332
  },
  "best_fit": {
    "P": 4.928037208272494,
    "K": 232.34892069593178,
    "e": 0.13744390454299532,
    "omega": 4.079880992049307,
    "T0": 59551.28927183098,
    "gamma": -53.654001504026695,
    "log_L": -13.300349876998553
  },
  "convergence": {
    "n_samples": 38400,
    "acceptance_rate": 0.0028385416666666667
  },
  "input": {
    "targetid": 39627775883085095,
    "n_epochs": 5,
    "mjd": [
      59586.5343869,
      59606.47794183,
      59622.43799169,
      59622.45269562,
      59662.3341281
    ],
    "rv": [
      45.604202155610565,
      97.58530220435992,
      112.14166654009395,
      111.16222087035207,
      29.79944442390676
    ],
    "rv_err": [
      1.9991928733650974,
      3.668204236520507,
      3.0006556280674426,
      2.851222325674367,
      2.1244593720097824
    ],
    "delta_rv": 82.34222211618719,
    "baseline_days": 75.79974120000406,
    "M1_assumed": 1.1
  },
  "fast_screen": {
    "period": 1.325404988921122,
    "K": 430.36121963132825,
    "m2_min": 12.893240733873924,
    "total_score": 0.7621848323381198
  }
}