{
  "P": {
    "median": 1.3008909131237996,
    "p16": 1.0064221727479619,
    "p84": 1.5892354657881524,
    "mean": 1.3118273227146922,
    "std": 0.33368278391239437
  },
  "K": {
    "median": 296.8074853742313,
    "p16": 256.9809774562444,
    "p84": 312.4772532394242,
    "mean": 289.84406612269765,
    "std": 33.49524046598321
  },
  "e": {
    "median": 0.25154476875841575,
    "p16": 0.13308190280306553,
    "p84": 0.43968968770974204,
    "mean": 0.29081404924433685,
    "std": 0.15838915117775162
  },
  "omega": {
    "median": 3.208810064735207,
    "p16": 1.4941548320022018,
    "p84": 4.863431060759357,
    "mean": 3.1647562112081475,
    "std": 1.5343795101840059
  },
  "T0": {
    "median": 59594.30697797914,
    "p16": 59568.80651434004,
    "p84": 59599.27171665098,
    "mean": 59587.969565310326,
    "std": 19.32172904678002
  },
  "gamma": {
    "median": 281.1117236909778,
    "p16": 263.16431858928325,
    "p84": 294.63551892482315,
    "mean": 279.0635423539758,
    "std": 16.96660150523809
  },
  "f_M": {
    "median": 3.2739899523934857,
    "p16": 2.2805850790547297,
    "p84": 4.4902503841139465
  },
  "M2_min": {
    "median": 4.398884612180726,
    "p16": 3.3375429463349913,
    "p84": 5.667862450614469
  },
  "probabilities": {
    "P_M2_gt_1.4": 100.0,
    "P_M2_gt_3.0": 89.4296875,
    "P_M2_gt_5.0": 30.747395833333336
  },
  "best_fit": {
    "P": 1.2623691513582567,
    "K": 300.09028675511985,
    "e": 0.33467314476504734,
    "omega": 3.414700017457518,
    "T0": 59573.410855296104,
    "gamma": 273.1197449435243,
    "log_L": -0.6331045714188223
  },
  "convergence": {
    "n_samples": 38400,
    "acceptance_rate": 0.002994791666666667
  },
  "input": {
    "targetid": 39627867411190557,
    "n_epochs": 4,
    "mjd": [
      59349.41617535,
      59678.49184555,
      59693.44687995,
      59693.46207976
    ],
    "rv": [
      457.38903949487116,
      403.81961422538683,
      94.59742939953168,
      140.80719745937853
    ],
    "rv_err": [
      38.09777083491252,
      4.061153280673276,
      16.877591702052055,
      19.455381896847896
    ],
    "delta_rv": 362.7916100953395,
    "baseline_days": 344.0459044099989,
    "M1_assumed": 0.7
  },
  "fast_screen": {
    "period": 0.905662397840405,
    "K": 447.6149601156029,
    "m2_min": 9.677062821759876,
    "total_score": 0.7466191990071231
  }
}