{
  "P": {
    "median": 2.7183484466524006,
    "p16": 1.5768556143566979,
    "p84": 3.6031699913106614,
    "mean": 2.6638882631062466,
    "std": 1.0837709224269634
  },
  "K": {
    "median": 141.57749923445226,
    "p16": 98.77372591048845,
    "p84": 181.51310296921844,
    "mean": 139.6045946658286,
    "std": 43.942084740581834
  },
  "e": {
    "median": 0.20191017889096202,
    "p16": 0.12968639592928197,
    "p84": 0.37229901209511174,
    "mean": 0.2564423476817945,
    "std": 0.15895505695987605
  },
  "omega": {
    "median": 3.0255622351349323,
    "p16": 2.029714338297958,
    "p84": 3.8952936540439738,
    "mean": 3.0396611437943326,
    "std": 1.0325186170319445
  },
  "T0": {
    "median": 59620.79189576997,
    "p16": 59586.38031096411,
    "p84": 59667.65783271387,
    "mean": 59621.728524989834,
    "std": 36.51502880919398
  },
  "gamma": {
    "median": 49.819365763832224,
    "p16": 16.044923640901832,
    "p84": 66.23817781505637,
    "mean": 44.29180626007075,
    "std": 25.652926675110372
  },
  "f_M": {
    "median": 0.7295933184692239,
    "p16": 0.1442273230431163,
    "p84": 1.5847033676545028
  },
  "M2_min": {
    "median": 1.264287536367168,
    "p16": 0.4824912694561359,
    "p84": 2.2102032244915932
  },
  "probabilities": {
    "P_M2_gt_1.4": 45.450520833333336,
    "P_M2_gt_3.0": 10.627604166666666,
    "P_M2_gt_5.0": 10.627604166666666
  },
  "best_fit": {
    "P": 3.467925519633681,
    "K": 165.09719060083717,
    "e": 0.6140192166399009,
    "omega": 3.445672612609403,
    "T0": 59620.79189576997,
    "gamma": 64.17217175146885,
    "log_L": -2.164556294007856
  },
  "convergence": {
    "n_samples": 38400,
    "acceptance_rate": 0.003125
  },
  "input": {
    "targetid": 39627770384352786,
    "n_epochs": 5,
    "mjd": [
      59368.24840013,
      59639.51561112,
      59650.48157415,
      59676.39785982,
      59676.41075206
    ],
    "rv": [
      110.93633535779023,
      128.8636585745277,
      119.42283145484032,
      -103.34704875711024,
      -70.43596524447186
    ],
    "rv_err": [
      5.1706546895283125,
      3.770658003945273,
      7.557773161998603,
      27.634691769887898,
      18.645444493414956
    ],
    "delta_rv": 232.21070733163793,
    "baseline_days": 308.1623519299974,
    "M1_assumed": 0.4
  },
  "fast_screen": {
    "period": 1.8814829371954842,
    "K": 159.44216925139813,
    "m2_min": 1.3347195957578792,
    "total_score": 0.7028127697834602
  }
}