{
  "P": {
    "median": 2.796546199605173,
    "p16": 1.9043819827357997,
    "p84": 3.8327484499621174,
    "mean": 2.7856512146453745,
    "std": 0.9094453467593359
  },
  "K": {
    "median": 41.23649362700425,
    "p16": 32.89074515086729,
    "p84": 59.17389924923292,
    "mean": 46.91815337942628,
    "std": 18.75518621001209
  },
  "e": {
    "median": 0.26080614172982214,
    "p16": 0.14451571628992865,
    "p84": 0.5897209077505032,
    "mean": 0.31691113291857886,
    "std": 0.21355142663809776
  },
  "omega": {
    "median": 2.6212260623016506,
    "p16": 1.7937716624556348,
    "p84": 4.556401329242753,
    "mean": 2.93308781687239,
    "std": 1.3221800957167744
  },
  "T0": {
    "median": 59610.15641415051,
    "p16": 59564.124682998765,
    "p84": 59634.156036301116,
    "mean": 59605.159724823585,
    "std": 33.91558308606538
  },
  "gamma": {
    "median": 71.05606314230755,
    "p16": 60.76850819779371,
    "p84": 83.77351537506216,
    "mean": 73.1987939542561,
    "std": 18.661110368082333
  },
  "f_M": {
    "median": 0.023203573895790745,
    "p16": 0.006516857861574171,
    "p84": 0.0572826050589299
  },
  "M2_min": {
    "median": 0.3684967076460699,
    "p16": 0.22537472264597005,
    "p84": 0.5349983867165922
  },
  "probabilities": {
    "P_M2_gt_1.4": 4.166666666666666,
    "P_M2_gt_3.0": 0.0,
    "P_M2_gt_5.0": 0.0
  },
  "best_fit": {
    "P": 4.248730808367792,
    "K": 43.964683539736626,
    "e": 0.6548374432488295,
    "omega": 4.558913302552621,
    "T0": 59614.518987384894,
    "gamma": 81.97627857500089,
    "log_L": -8.849431201062563
  },
  "convergence": {
    "n_samples": 38400,
    "acceptance_rate": 0.00421875
  },
  "input": {
    "targetid": 39627871639046453,
    "n_epochs": 6,
    "mjd": [
      59551.43917725,
      59584.33864557,
      59622.24589411,
      59663.13751965,
      59664.11910404,
      59664.13545463
    ],
    "rv": [
      114.48486609753517,
      37.97490318068488,
      61.98329936791706,
      88.41856483963517,
      68.04618748381623,
      69.15113458405766
    ],
    "rv_err": [
      1.5610364065440512,
      1.798660696379862,
      2.5783716358400484,
      1.5399347002457604,
      1.8919461499190269,
      1.7275032786117879
    ],
    "delta_rv": 76.5099629168503,
    "baseline_days": 112.6962773799969,
    "M1_assumed": 1.1
  },
  "fast_screen": {
    "period": 2.0931835746741316,
    "K": 49.71063768894,
    "m2_min": 0.3895418668803459,
    "total_score": 0.6949183354558658
  }
}