{
  "P": {
    "median": 1.3101598820992435,
    "p16": 0.8424793905486362,
    "p84": 2.043726479057081,
    "mean": 1.475678210810283,
    "std": 0.5105038122884735
  },
  "K": {
    "median": 59.958797428938645,
    "p16": 51.95295123080865,
    "p84": 75.53661343900397,
    "mean": 63.41462179875786,
    "std": 13.145802637402419
  },
  "e": {
    "median": 0.33723223571035027,
    "p16": 0.20750129502194498,
    "p84": 0.46123417354682583,
    "mean": 0.32090211566753746,
    "std": 0.12214193634954919
  },
  "omega": {
    "median": 2.567495437898384,
    "p16": 1.4601007024544832,
    "p84": 4.543236571992429,
    "mean": 2.780806584462953,
    "std": 1.394785164712348
  },
  "T0": {
    "median": 59677.47137268927,
    "p16": 59667.90181581404,
    "p84": 59699.42651591261,
    "mean": 59680.704669465624,
    "std": 24.032136166573313
  },
  "gamma": {
    "median": 5.753902141681184,
    "p16": -5.125176746841513,
    "p84": 14.879079488398624,
    "mean": 4.973495442408866,
    "std": 13.465127375738312
  },
  "f_M": {
    "median": 0.03437397895055772,
    "p16": 0.01462014273947324,
    "p84": 0.07735795302408116
  },
  "M2_min": {
    "median": 0.43212092642427985,
    "p16": 0.3070343819498455,
    "p84": 0.6090841303844994
  },
  "probabilities": {
    "P_M2_gt_1.4": 0.0,
    "P_M2_gt_3.0": 0.0,
    "P_M2_gt_5.0": 0.0
  },
  "best_fit": {
    "P": 2.047191191257563,
    "K": 84.47682384183666,
    "e": 0.45077823022511554,
    "omega": 1.6434604635357803,
    "T0": 59721.844379328344,
    "gamma": -11.867466949441352,
    "log_L": -5.930112864327908
  },
  "convergence": {
    "n_samples": 38400,
    "acceptance_rate": 0.006614583333333333
  },
  "input": {
    "targetid": 39627848889144343,
    "n_epochs": 5,
    "mjd": [
      59655.44226836,
      59655.45625877,
      59669.43348458,
      59675.40537304,
      59678.40080439
    ],
    "rv": [
      9.82168853260669,
      4.833902195451779,
      -31.48952416895673,
      -50.32257866634291,
      56.38586484221663
    ],
    "rv_err": [
      1.7324640020108653,
      1.7680854401943795,
      1.2697501223955698,
      1.526118916103734,
      1.1712467269495717
    ],
    "delta_rv": 106.70844350855954,
    "baseline_days": 22.958536030004325,
    "M1_assumed": 1.1
  },
  "fast_screen": {
    "period": 1.228208639863351,
    "K": 55.62745182652952,
    "m2_min": 0.3601122912372058,
    "total_score": 0.6911892339187925
  }
}