{
  "P": {
    "median": 1.452731742163579,
    "p16": 0.7968939804574982,
    "p84": 2.1010494657525753,
    "mean": 1.4698064401769726,
    "std": 0.6318187858598516
  },
  "K": {
    "median": 109.51471775016793,
    "p16": 77.055619741732,
    "p84": 215.2972119450032,
    "mean": 127.84858524606177,
    "std": 59.334419302236256
  },
  "e": {
    "median": 0.4984842642961557,
    "p16": 0.09256741525153411,
    "p84": 0.7644248409655704,
    "mean": 0.4334081894026145,
    "std": 0.27845387465062504
  },
  "omega": {
    "median": 4.633896691023872,
    "p16": 0.6505119738220921,
    "p84": 5.929713356054305,
    "mean": 3.7987143289415766,
    "std": 2.037157910455372
  },
  "T0": {
    "median": 59700.457716264136,
    "p16": 59654.168152875594,
    "p84": 59723.00002427196,
    "mean": 59687.0434321062,
    "std": 54.08111080038437
  },
  "gamma": {
    "median": -160.97293583344674,
    "p16": -182.54273713945054,
    "p84": -135.24054519535474,
    "mean": -160.98329792509642,
    "std": 23.86421883384293
  },
  "f_M": {
    "median": 0.1952986097098167,
    "p16": 0.03895902332579216,
    "p84": 1.5997063625952004
  },
  "M2_min": {
    "median": 0.7397658942029122,
    "p16": 0.3502703991799924,
    "p84": 2.583870858179538
  },
  "probabilities": {
    "P_M2_gt_1.4": 23.5546875,
    "P_M2_gt_3.0": 8.333333333333332,
    "P_M2_gt_5.0": 0.11197916666666667
  },
  "best_fit": {
    "P": 0.6324799923009365,
    "K": 68.90364931665471,
    "e": 0.30094898004732284,
    "omega": 5.330103674442722,
    "T0": 59648.09820546585,
    "gamma": -144.29738685042875,
    "log_L": -0.2609160156629695
  },
  "convergence": {
    "n_samples": 38400,
    "acceptance_rate": 0.0047395833333333335
  },
  "input": {
    "targetid": 39627655229736275,
    "n_epochs": 6,
    "mjd": [
      59586.54847354,
      59589.53043816,
      59677.29870726,
      59677.31063301,
      59704.21188672,
      59704.22352389
    ],
    "rv": [
      -192.0878597891289,
      -150.02752172999533,
      -80.67314482614889,
      -102.15571876610922,
      -199.3257366703992,
      -218.54565100574607
    ],
    "rv_err": [
      26.12028055658383,
      13.509888064196195,
      17.263733399865576,
      17.632241205461817,
      8.03168102877153,
      25.25259172083307
    ],
    "delta_rv": 137.87250617959717,
    "baseline_days": 117.67505035000067,
    "M1_assumed": 0.7
  },
  "fast_screen": {
    "period": 0.8652078775358973,
    "K": 175.92312427533642,
    "m2_min": 1.2135460168241177,
    "total_score": 0.7383612203056423
  }
}