{
  "P": {
    "median": 1.3750467999569214,
    "p16": 0.8957445893342908,
    "p84": 2.2058584058251354,
    "mean": 1.5252417399023168,
    "std": 0.6999726190538931
  },
  "K": {
    "median": 241.2044236753805,
    "p16": 198.4656792745959,
    "p84": 279.5667552535782,
    "mean": 233.85620065503483,
    "std": 44.86393927065427
  },
  "e": {
    "median": 0.2752769566960089,
    "p16": 0.11052964939784568,
    "p84": 0.45365415674197673,
    "mean": 0.27729599294157603,
    "std": 0.15673867056164742
  },
  "omega": {
    "median": 3.890487325463094,
    "p16": 1.5534035262106793,
    "p84": 5.6795042170000425,
    "mean": 3.7749269506131395,
    "std": 1.7111544863860817
  },
  "T0": {
    "median": 59542.01119090866,
    "p16": 59504.96806387562,
    "p84": 59567.73727462879,
    "mean": 59536.75096797819,
    "std": 29.04098935800908
  },
  "gamma": {
    "median": -145.14203507333343,
    "p16": -163.39319463576308,
    "p84": -113.78078639692875,
    "mean": -143.2845044588754,
    "std": 27.084077815874466
  },
  "f_M": {
    "median": 1.9976377525453883,
    "p16": 0.6297360467917549,
    "p84": 3.4011379325518725
  },
  "M2_min": {
    "median": 2.6469991383799454,
    "p16": 1.1460411783827669,
    "p84": 4.0975777169521805
  },
  "probabilities": {
    "P_M2_gt_1.4": 75.390625,
    "P_M2_gt_3.0": 40.807291666666664,
    "P_M2_gt_5.0": 7.7265625
  },
  "best_fit": {
    "P": 1.1916349490758797,
    "K": 218.78010591415256,
    "e": 0.29020666490915364,
    "omega": 6.105765641343262,
    "T0": 59580.300473056814,
    "gamma": -98.17225536587188,
    "log_L": -0.27605285460739093
  },
  "convergence": {
    "n_samples": 38400,
    "acceptance_rate": 0.0026822916666666666
  },
  "input": {
    "targetid": 39627860964543690,
    "n_epochs": 4,
    "mjd": [
      59371.23964262,
      59371.25253416,
      59736.24142476,
      59736.25293442
    ],
    "rv": [
      -253.41258336471802,
      -255.55498143882446,
      -40.75649625125481,
      -17.84321420617977
    ],
    "rv_err": [
      8.805044157184227,
      14.734418301769177,
      11.835254559213942,
      9.685092080867594
    ],
    "delta_rv": 237.7117672326447,
    "baseline_days": 365.01329180000175,
    "M1_assumed": 0.4
  },
  "fast_screen": {
    "period": 1.228208639863351,
    "K": 442.5491171853556,
    "m2_min": 11.790617901272714,
    "total_score": 0.7471641873893428
  }
}