{
  "P": {
    "median": 1.9268689023024883,
    "p16": 1.514699120246159,
    "p84": 2.6551413703160094,
    "mean": 1.9343411961065733,
    "std": 0.5458774245283243
  },
  "K": {
    "median": 39.04426506626157,
    "p16": 35.59516298453177,
    "p84": 50.51102954780368,
    "mean": 42.289916446186574,
    "std": 6.695659086498508
  },
  "e": {
    "median": 0.3368743129817443,
    "p16": 0.22191652751119675,
    "p84": 0.45977072390903634,
    "mean": 0.3368674792997044,
    "std": 0.11677595389060123
  },
  "omega": {
    "median": 4.426382811695026,
    "p16": 3.5375130862621766,
    "p84": 5.1917421997634285,
    "mean": 4.2456280885545725,
    "std": 1.0660038743694285
  },
  "T0": {
    "median": 59641.6437526442,
    "p16": 59603.21308885526,
    "p84": 59693.974363962334,
    "mean": 59643.46343615442,
    "std": 38.376500154012405
  },
  "gamma": {
    "median": 103.88831993230674,
    "p16": 96.75504224325384,
    "p84": 111.41751253088458,
    "mean": 103.70501523259745,
    "std": 9.529956791004572
  },
  "f_M": {
    "median": 0.013630742643666314,
    "p16": 0.008446440051241098,
    "p84": 0.02183990556267031
  },
  "M2_min": {
    "median": 0.2987703142788599,
    "p16": 0.24858621735355993,
    "p84": 0.35968568253269945
  },
  "probabilities": {
    "P_M2_gt_1.4": 0.0,
    "P_M2_gt_3.0": 0.0,
    "P_M2_gt_5.0": 0.0
  },
  "best_fit": {
    "P": 2.2212711315151474,
    "K": 39.63973877071176,
    "e": 0.2612686657145899,
    "omega": 4.172129200940704,
    "T0": 59657.07604081247,
    "gamma": 115.85934939210877,
    "log_L": -6.9189385981659575
  },
  "convergence": {
    "n_samples": 38400,
    "acceptance_rate": 0.0053125
  },
  "input": {
    "targetid": 39627793415275141,
    "n_epochs": 6,
    "mjd": [
      59611.33561076,
      59639.27022644,
      59646.25175201,
      59650.22360728,
      59650.24113794,
      59650.25337813
    ],
    "rv": [
      139.46565325591868,
      83.61539465198935,
      137.04342972888995,
      71.58155409989791,
      69.26847272860215,
      73.01602147087381
    ],
    "rv_err": [
      1.0201298601609012,
      0.8532431059777216,
      1.8974389904994333,
      0.8611762492505477,
      0.982231280211593,
      0.9236838343743982
    ],
    "delta_rv": 70.19718052731653,
    "baseline_days": 38.917767370003276,
    "M1_assumed": 1.1
  },
  "fast_screen": {
    "period": 1.5201492029465293,
    "K": 35.704287619788815,
    "m2_min": 0.2336165787158902,
    "total_score": 0.7176515703657602
  }
}