{
  "P": {
    "median": 1.6303154179649582,
    "p16": 1.0584015043081048,
    "p84": 2.6354782048647754,
    "mean": 1.795400982867431,
    "std": 0.9195737852737709
  },
  "K": {
    "median": 221.7989376094248,
    "p16": 176.92441131035142,
    "p84": 263.0252120886131,
    "mean": 216.95452884337922,
    "std": 46.119387191828224
  },
  "e": {
    "median": 0.23365202289968995,
    "p16": 0.06563720950831045,
    "p84": 0.6668068259500041,
    "mean": 0.3237542923189159,
    "std": 0.25601190146758485
  },
  "omega": {
    "median": 3.567528758095177,
    "p16": 1.7408740760182952,
    "p84": 5.692868269276166,
    "mean": 3.5027636905164257,
    "std": 1.776448293101685
  },
  "T0": {
    "median": 59607.695569991345,
    "p16": 59559.65244479751,
    "p84": 59655.472436533084,
    "mean": 59603.080874404994,
    "std": 58.578697658037576
  },
  "gamma": {
    "median": 163.923347934704,
    "p16": 133.68380460631124,
    "p84": 203.61680167489982,
    "mean": 165.75784028343355,
    "std": 39.65717110440581
  },
  "f_M": {
    "median": 1.7081326410055937,
    "p16": 0.9453603535659156,
    "p84": 3.0713931204415665
  },
  "M2_min": {
    "median": 2.34156513369981,
    "p16": 1.511798224382985,
    "p84": 3.7596989135518823
  },
  "probabilities": {
    "P_M2_gt_1.4": 84.80208333333333,
    "P_M2_gt_3.0": 34.583333333333336,
    "P_M2_gt_5.0": 0.0
  },
  "best_fit": {
    "P": 2.7946910065518953,
    "K": 80.69560594642766,
    "e": 0.2006254830970318,
    "omega": 2.306965721211311,
    "T0": 59441.64203224613,
    "gamma": 161.01148109690655,
    "log_L": -3.6055349649896913
  },
  "convergence": {
    "n_samples": 38400,
    "acceptance_rate": 0.0031770833333333334
  },
  "input": {
    "targetid": 39627672464130135,
    "n_epochs": 7,
    "mjd": [
      59525.5198121,
      59527.51129479,
      59630.23365122,
      59630.25069571,
      59660.13914615,
      59660.15773572,
      59673.11560075
    ],
    "rv": [
      85.62711112760888,
      232.1002110575746,
      196.63217966324396,
      240.56086206560042,
      93.54648962141914,
      125.52461254742035,
      240.64791701847952
    ],
    "rv_err": [
      10.079245197976496,
      15.23255852164852,
      20.634006231475432,
      22.257225291124698,
      21.0319347907665,
      29.95905812633237,
      48.6963180573062
    ],
    "delta_rv": 155.02080589087063,
    "baseline_days": 147.59578865000367,
    "M1_assumed": 0.4
  },
  "fast_screen": {
    "period": 1.0708645280052622,
    "K": 385.1186330968777,
    "m2_min": 7.074453513751429,
    "total_score": 0.8146485937254405
  }
}