{
  "P": {
    "median": 2.790827996328273,
    "p16": 2.4034751653715407,
    "p84": 3.1992138178467346,
    "mean": 2.977448926205431,
    "std": 0.8104573958348962
  },
  "K": {
    "median": 59.89871312093947,
    "p16": 53.774760027284714,
    "p84": 66.18736679790568,
    "mean": 62.024319136700726,
    "std": 16.302689658540643
  },
  "e": {
    "median": 0.36938926447953063,
    "p16": 0.23454673068443493,
    "p84": 0.44508506573260465,
    "mean": 0.3565565976059102,
    "std": 0.11153635058001808
  },
  "omega": {
    "median": 3.5486396740289963,
    "p16": 2.849260570239862,
    "p84": 4.003015997181142,
    "mean": 3.335393375136447,
    "std": 0.8944772908426241
  },
  "T0": {
    "median": 59645.96586047993,
    "p16": 59633.7176921736,
    "p84": 59664.23356107253,
    "mean": 59647.20490494568,
    "std": 16.775211594109233
  },
  "gamma": {
    "median": 267.84703163430646,
    "p16": 262.72568409228916,
    "p84": 280.2414180333613,
    "mean": 273.02312083475744,
    "std": 14.680642706048797
  },
  "f_M": {
    "median": 0.06173583151931727,
    "p16": 0.03871577619793458,
    "p84": 0.086572000011127
  },
  "M2_min": {
    "median": 0.5524036362160163,
    "p16": 0.45383664909839944,
    "p84": 0.6399583668803519
  },
  "probabilities": {
    "P_M2_gt_1.4": 4.166666666666666,
    "P_M2_gt_3.0": 0.0,
    "P_M2_gt_5.0": 0.0
  },
  "best_fit": {
    "P": 2.291710835710331,
    "K": 56.83035883595332,
    "e": 0.4668573996788521,
    "omega": 3.5553055331509156,
    "T0": 59640.02079513163,
    "gamma": 268.28704732566223,
    "log_L": -3.5269486521740365
  },
  "convergence": {
    "n_samples": 38400,
    "acceptance_rate": 0.011796875
  },
  "input": {
    "targetid": 39627708862300189,
    "n_epochs": 6,
    "mjd": [
      59615.32618785,
      59615.33853595,
      59619.32446574,
      59668.17859669,
      59668.19748596,
      59671.18012985
    ],
    "rv": [
      294.5331781264339,
      296.7022513946708,
      184.81134761224934,
      296.7957104409091,
      300.9166834785741,
      288.1101195875305
    ],
    "rv_err": [
      2.1151436651987243,
      1.9652468756151635,
      2.5206316195443463,
      1.6932928737318595,
      1.6092554002807302,
      1.5276158193107212
    ],
    "delta_rv": 116.10533586632476,
    "baseline_days": 55.85394200000155,
    "M1_assumed": 1.1
  },
  "fast_screen": {
    "period": 2.400738920751878,
    "K": 65.09687601068782,
    "m2_min": 0.5781309984758894,
    "total_score": 0.6855437877183451
  }
}