{
  "P": {
    "median": 1.0140681266410625,
    "p16": 0.7871588853350968,
    "p84": 1.2746052738522433,
    "mean": 1.0320877433193847,
    "std": 0.24998990269451254
  },
  "K": {
    "median": 39.44291134383489,
    "p16": 30.24028285689329,
    "p84": 59.06642221799744,
    "mean": 43.664766858014495,
    "std": 13.99018227603318
  },
  "e": {
    "median": 0.294569164543523,
    "p16": 0.1476347763469258,
    "p84": 0.46370205711091605,
    "mean": 0.3093976881807761,
    "std": 0.1541492103345926
  },
  "omega": {
    "median": 3.247991319454072,
    "p16": 1.7558225808492427,
    "p84": 4.485720171120412,
    "mean": 3.1467081225008644,
    "std": 1.431327177212007
  },
  "T0": {
    "median": 59622.83441811338,
    "p16": 59599.42970922383,
    "p84": 59679.555414206705,
    "mean": 59634.24036570503,
    "std": 46.92913198715688
  },
  "gamma": {
    "median": 325.7625718884928,
    "p16": 316.38666605396446,
    "p84": 332.16108566564816,
    "mean": 324.6545560297976,
    "std": 9.879050573368461
  },
  "f_M": {
    "median": 0.007270612061553875,
    "p16": 0.002869156949905776,
    "p84": 0.021533877706003075
  },
  "M2_min": {
    "median": 0.28507659390578793,
    "p16": 0.20261034387487156,
    "p84": 0.43148804061859924
  },
  "probabilities": {
    "P_M2_gt_1.4": 0.0,
    "P_M2_gt_3.0": 0.0,
    "P_M2_gt_5.0": 0.0
  },
  "best_fit": {
    "P": 0.7871557274306135,
    "K": 32.51331408682376,
    "e": 0.2546257901008007,
    "omega": 3.541751670708732,
    "T0": 59623.8562174789,
    "gamma": 325.6943230780538,
    "log_L": -0.8730724301668483
  },
  "convergence": {
    "n_samples": 38400,
    "acceptance_rate": 0.004114583333333333
  },
  "input": {
    "targetid": 39627684329820929,
    "n_epochs": 6,
    "mjd": [
      59619.21223427,
      59619.23004537,
      59639.16147773,
      59646.15564278,
      59656.14291811,
      59656.15424928
    ],
    "rv": [
      309.3884036744483,
      319.203087485914,
      351.7963069464722,
      353.3968682446963,
      290.66086200958273,
      296.8004465405774
    ],
    "rv_err": [
      3.456565556562941,
      3.819863699639739,
      3.151356758488107,
      6.243595540747354,
      5.506718397967272,
      6.046869211303064
    ],
    "delta_rv": 62.736006235113564,
    "baseline_days": 36.942015009997704,
    "M1_assumed": 1.5
  },
  "fast_screen": {
    "period": 0.6990470332830874,
    "K": 46.6356369486593,
    "m2_min": 0.2861786266069275,
    "total_score": 0.6979451442788327
  }
}