{
  "P": {
    "median": 1.6103473893636417,
    "p16": 1.0705117674118867,
    "p84": 1.8219271617756772,
    "mean": 1.5249771719524297,
    "std": 0.40978213373223477
  },
  "K": {
    "median": 62.84028536633347,
    "p16": 57.08097359795078,
    "p84": 79.92788142048514,
    "mean": 68.27429578228428,
    "std": 15.106468201875483
  },
  "e": {
    "median": 0.2355790466562389,
    "p16": 0.1767938434323396,
    "p84": 0.30334968322020983,
    "mean": 0.24796234061953934,
    "std": 0.08339199417859364
  },
  "omega": {
    "median": 2.93073381441766,
    "p16": 1.7819877555670358,
    "p84": 4.37504833846605,
    "mean": 3.031350990860394,
    "std": 1.3376372332567716
  },
  "T0": {
    "median": 59739.01172880093,
    "p16": 59727.03066635453,
    "p84": 59752.06712330708,
    "mean": 59739.45559982604,
    "std": 18.80406379390663
  },
  "gamma": {
    "median": -30.72945052714457,
    "p16": -45.884979673442906,
    "p84": -17.24851557610759,
    "mean": -33.03247964275568,
    "std": 11.759231651645736
  },
  "f_M": {
    "median": 0.04025168120035174,
    "p16": 0.023069755040506096,
    "p84": 0.08786445342302597
  },
  "M2_min": {
    "median": 0.46121464072089263,
    "p16": 0.3676446714427322,
    "p84": 0.6441630150362602
  },
  "probabilities": {
    "P_M2_gt_1.4": 0.0,
    "P_M2_gt_3.0": 0.0,
    "P_M2_gt_5.0": 0.0
  },
  "best_fit": {
    "P": 1.6089653575841487,
    "K": 61.09869943620693,
    "e": 0.17651422104729553,
    "omega": 1.722780934958745,
    "T0": 59740.74120598525,
    "gamma": -43.47206540051337,
    "log_L": -4.1534871105558375
  },
  "convergence": {
    "n_samples": 38400,
    "acceptance_rate": 0.005520833333333333
  },
  "input": {
    "targetid": 39627981798249854,
    "n_epochs": 5,
    "mjd": [
      59726.39800471,
      59730.39078136,
      59732.38460251,
      59738.36313744,
      59738.37442957
    ],
    "rv": [
      -94.50324694865243,
      -19.173416519341178,
      16.483546339790625,
      -29.245394477353063,
      -24.741165602312083
    ],
    "rv_err": [
      1.5936183651860616,
      1.2966716763776158,
      1.2924758742510296,
      1.9666036543203398,
      1.45663835050442
    ],
    "delta_rv": 110.98679328844305,
    "baseline_days": 11.976424860004045,
    "M1_assumed": 1.1
  },
  "fast_screen": {
    "period": 1.0546764346599125,
    "K": 65.38233265247655,
    "m2_min": 0.4117350486968922,
    "total_score": 0.6902954166590933
  }
}