{
  "P": {
    "median": 0.7056881539084127,
    "p16": 0.5722071331665695,
    "p84": 0.88769469359771,
    "mean": 0.7669792194679033,
    "std": 0.19110484760140314
  },
  "K": {
    "median": 363.09924140699343,
    "p16": 275.5352347470328,
    "p84": 436.99499557698215,
    "mean": 365.5804649432412,
    "std": 84.66514553603294
  },
  "e": {
    "median": 0.26314343198370393,
    "p16": 0.191607462300654,
    "p84": 0.4442322052579774,
    "mean": 0.3031431984842087,
    "std": 0.12981978654158055
  },
  "omega": {
    "median": 2.8737303793687423,
    "p16": 1.765817242676659,
    "p84": 4.472129652306242,
    "mean": 2.996305927434365,
    "std": 1.1323528406805796
  },
  "T0": {
    "median": 59589.965966404256,
    "p16": 59560.3127952837,
    "p84": 59614.97325157955,
    "mean": 59584.34270509618,
    "std": 37.13024807530976
  },
  "gamma": {
    "median": -130.8694915863628,
    "p16": -144.80280907284111,
    "p84": -106.90880274009339,
    "mean": -129.95850740342038,
    "std": 19.034612410349744
  },
  "f_M": {
    "median": 3.055365259040083,
    "p16": 1.6744857974164158,
    "p84": 7.4563760465782085
  },
  "M2_min": {
    "median": 4.167859461267113,
    "p16": 2.6682957912629233,
    "p84": 8.703937137825866
  },
  "probabilities": {
    "P_M2_gt_1.4": 96.95572916666667,
    "P_M2_gt_3.0": 79.84375,
    "P_M2_gt_5.0": 46.9296875
  },
  "best_fit": {
    "P": 0.569107951915536,
    "K": 380.36969612031464,
    "e": 0.43653167871310683,
    "omega": 1.64680885179916,
    "T0": 59560.3127952837,
    "gamma": -157.77874402038677,
    "log_L": 0.3361451515681359
  },
  "convergence": {
    "n_samples": 38400,
    "acceptance_rate": 0.0034375
  },
  "input": {
    "targetid": 39627701333529749,
    "n_epochs": 4,
    "mjd": [
      59501.45232972,
      59601.17120352,
      59604.16326802,
      59610.14458343
    ],
    "rv": [
      -72.33179808991216,
      140.51605849243145,
      -480.32044980764454,
      -77.25748718556802
    ],
    "rv_err": [
      39.037120663401744,
      34.04700939274712,
      31.557231527617645,
      23.15133729796353
    ],
    "delta_rv": 620.836508300076,
    "baseline_days": 108.69225371000357,
    "M1_assumed": 0.7
  },
  "fast_screen": {
    "period": 0.5314117668824699,
    "K": 360.91317047278756,
    "m2_min": 3.6700365671670507,
    "total_score": 0.7319182031546815
  }
}