{
  "P": {
    "median": 1.1743908070199336,
    "p16": 0.9104248089947762,
    "p84": 1.2872450402014648,
    "mean": 1.1705100817530065,
    "std": 0.28652687780968267
  },
  "K": {
    "median": 65.61193545329786,
    "p16": 59.90361753058603,
    "p84": 73.44443297183764,
    "mean": 66.8101616697254,
    "std": 6.799007966746175
  },
  "e": {
    "median": 0.2093645893645412,
    "p16": 0.1067833423321696,
    "p84": 0.26438106820400276,
    "mean": 0.1920230248553154,
    "std": 0.07527214440801037
  },
  "omega": {
    "median": 3.0821077685464946,
    "p16": 2.3259503161297754,
    "p84": 4.097294785171356,
    "mean": 3.1904718067560363,
    "std": 0.9043079802153502
  },
  "T0": {
    "median": 59616.72849599844,
    "p16": 59605.99680241075,
    "p84": 59628.568434721645,
    "mean": 59620.0247542119,
    "std": 21.202264463926003
  },
  "gamma": {
    "median": 84.2302911366303,
    "p16": 71.94372897997947,
    "p84": 91.64213763940569,
    "mean": 82.5017575142146,
    "std": 10.691500724824136
  },
  "f_M": {
    "median": 0.0335799151465019,
    "p16": 0.02570570387314091,
    "p84": 0.043647209843546
  },
  "M2_min": {
    "median": 0.42799797866309697,
    "p16": 0.383965677005026,
    "p84": 0.47702968802088486
  },
  "probabilities": {
    "P_M2_gt_1.4": 0.0,
    "P_M2_gt_3.0": 0.0,
    "P_M2_gt_5.0": 0.0
  },
  "best_fit": {
    "P": 1.3403080014638147,
    "K": 65.7185922024853,
    "e": 0.1649660446094725,
    "omega": 3.478793363079715,
    "T0": 59631.8597654298,
    "gamma": 73.45295204054412,
    "log_L": -0.632745028171064
  },
  "convergence": {
    "n_samples": 38400,
    "acceptance_rate": 0.00390625
  },
  "input": {
    "targetid": 39627709021688280,
    "n_epochs": 5,
    "mjd": [
      59581.46000986,
      59581.47302857,
      59581.48551422,
      59668.21920659,
      59669.22599695
    ],
    "rv": [
      129.62445996748613,
      129.18080226699087,
      127.23602333726346,
      53.802293247395966,
      13.203933943736288
    ],
    "rv_err": [
      2.6372686638390284,
      3.346375953058416,
      3.626021128030876,
      3.1191218467249997,
      2.265031185791153
    ],
    "delta_rv": 116.42052602374984,
    "baseline_days": 87.76598709000245,
    "M1_assumed": 1.1
  },
  "fast_screen": {
    "period": 0.7659459786102855,
    "K": 63.7756217419216,
    "m2_min": 0.3513141016598596,
    "total_score": 0.689770018000642
  }
}