{
  "P": {
    "median": 3.476286843176687,
    "p16": 2.834230355728547,
    "p84": 6.392858818468916,
    "mean": 4.766011395219963,
    "std": 3.2468645176408115
  },
  "K": {
    "median": 265.0897283232288,
    "p16": 245.25021250968817,
    "p84": 282.7040711393851,
    "mean": 262.26555387879597,
    "std": 25.865085334506997
  },
  "e": {
    "median": 0.2823436756504876,
    "p16": 0.17648940777004152,
    "p84": 0.498114572769971,
    "mean": 0.3128417272814567,
    "std": 0.16894297617429274
  },
  "omega": {
    "median": 2.724501099128373,
    "p16": 0.727873434256167,
    "p84": 5.724670604703303,
    "mean": 3.0270564474615895,
    "std": 2.1355045898747114
  },
  "T0": {
    "median": 59592.82760457923,
    "p16": 59550.23942430527,
    "p84": 59663.710149065606,
    "mean": 59618.60245014344,
    "std": 84.38812575003497
  },
  "gamma": {
    "median": -312.5070223743688,
    "p16": -352.5739924155047,
    "p84": -290.61436251774916,
    "mean": -317.33905098644937,
    "std": 29.47842880973197
  },
  "f_M": {
    "median": 6.901367948726263,
    "p16": 4.677103233762185,
    "p84": 12.325336095205811
  },
  "M2_min": {
    "median": 7.642675734233434,
    "p16": 5.396195284493361,
    "p84": 13.090106143917422
  },
  "probabilities": {
    "P_M2_gt_1.4": 100.0,
    "P_M2_gt_3.0": 98.10677083333333,
    "P_M2_gt_5.0": 90.48177083333333
  },
  "best_fit": {
    "P": 3.044632558513981,
    "K": 245.68372790000072,
    "e": 0.12880356861572037,
    "omega": 4.898054914637652,
    "T0": 59584.81455208911,
    "gamma": -290.61436251774916,
    "log_L": -1.9343525483601947
  },
  "convergence": {
    "n_samples": 38400,
    "acceptance_rate": 0.004713541666666667
  },
  "input": {
    "targetid": 39627933777661858,
    "n_epochs": 5,
    "mjd": [
      59400.28827564,
      59400.30636078,
      59700.45860563,
      59705.44772001,
      59711.44572663
    ],
    "rv": [
      -205.11905424273434,
      -226.56174730458164,
      -247.21970023992964,
      -469.13523837659045,
      -426.05965375284063
    ],
    "rv_err": [
      11.140438999008513,
      17.695030531651426,
      43.67249412393741,
      27.185025828699757,
      27.97488608522968
    ],
    "delta_rv": 264.0161841338561,
    "baseline_days": 311.15745099000196,
    "M1_assumed": 0.4
  },
  "fast_screen": {
    "period": 2.97138551090938,
    "K": 497.5318777657743,
    "m2_min": 38.70384511007433,
    "total_score": 0.7466785358026294
  }
}