{
  "P": {
    "median": 1.6472199522951523,
    "p16": 1.1262541166372697,
    "p84": 2.4750977185043475,
    "mean": 1.6857170270239001,
    "std": 0.5342062806692712
  },
  "K": {
    "median": 231.1284933934383,
    "p16": 192.91931991852238,
    "p84": 268.2765565557267,
    "mean": 233.4822602915211,
    "std": 38.42442044105509
  },
  "e": {
    "median": 0.1529929487464618,
    "p16": 0.04605044057400419,
    "p84": 0.29648676744781316,
    "mean": 0.1754394217524204,
    "std": 0.1283160423941536
  },
  "omega": {
    "median": 3.2560286322966023,
    "p16": 2.257781821855881,
    "p84": 5.394097767674726,
    "mean": 3.550881274891163,
    "std": 1.4659835617986698
  },
  "T0": {
    "median": 59493.7601703644,
    "p16": 59466.87189800532,
    "p84": 59521.5206419284,
    "mean": 59496.582124411914,
    "std": 37.49655715182731
  },
  "gamma": {
    "median": 256.275427319819,
    "p16": 238.9174607403474,
    "p84": 274.5775784523046,
    "mean": 258.2028783531156,
    "std": 27.512721875934805
  },
  "f_M": {
    "median": 1.8105057989842985,
    "p16": 1.2003994515910559,
    "p84": 4.11201631409824
  },
  "M2_min": {
    "median": 2.449962061621287,
    "p16": 1.7950044793512876,
    "p84": 4.822452021660086
  },
  "probabilities": {
    "P_M2_gt_1.4": 94.06510416666667,
    "P_M2_gt_3.0": 38.111979166666664,
    "P_M2_gt_5.0": 14.033854166666668
  },
  "best_fit": {
    "P": 1.6262933774472292,
    "K": 241.12789208410646,
    "e": 0.08320570392325381,
    "omega": 3.4359765061922447,
    "T0": 59437.418426644195,
    "gamma": 217.4617927370079,
    "log_L": -0.5945390752612333
  },
  "convergence": {
    "n_samples": 38400,
    "acceptance_rate": 0.009557291666666667
  },
  "input": {
    "targetid": 39627821055738452,
    "n_epochs": 4,
    "mjd": [
      59485.30640472,
      59489.29772345,
      59495.28641806,
      59496.29242994
    ],
    "rv": [
      443.0226948755345,
      -28.440560651406706,
      376.7438196901039,
      239.43553635571175
    ],
    "rv_err": [
      13.616249115821276,
      37.233073474923415,
      14.29348558700077,
      15.354238193554982
    ],
    "delta_rv": 471.4632555269412,
    "baseline_days": 10.98602521999419,
    "M1_assumed": 0.4
  },
  "fast_screen": {
    "period": 1.1209349352638562,
    "K": 240.4585182457559,
    "m2_min": 2.2422432357457756,
    "total_score": 0.6988692437264703
  }
}