{
  "P": {
    "median": 0.7478504297835488,
    "p16": 0.6445934362341282,
    "p84": 1.095681771156016,
    "mean": 0.8065156959669659,
    "std": 0.2168823362272994
  },
  "K": {
    "median": 48.77743068479309,
    "p16": 43.409652400146236,
    "p84": 60.085943913166034,
    "mean": 51.31368836769393,
    "std": 9.290600036687872
  },
  "e": {
    "median": 0.162783817808642,
    "p16": 0.11155146725758339,
    "p84": 0.3134775303867014,
    "mean": 0.20211431614253025,
    "std": 0.14209374542703584
  },
  "omega": {
    "median": 4.216025611687352,
    "p16": 2.178342036397125,
    "p84": 5.153958167465501,
    "mean": 3.929311577593137,
    "std": 1.2847047733742722
  },
  "T0": {
    "median": 59588.054217391655,
    "p16": 59557.910849705964,
    "p84": 59605.90487404475,
    "mean": 59583.62056759323,
    "std": 22.60555288630759
  },
  "gamma": {
    "median": 132.6670517548257,
    "p16": 126.14889514632891,
    "p84": 140.68731286348668,
    "mean": 132.94918939384203,
    "std": 7.39033090851577
  },
  "f_M": {
    "median": 0.009811447136270749,
    "p16": 0.006336426533477441,
    "p84": 0.02113930462541717
  },
  "M2_min": {
    "median": 0.26319874061201004,
    "p16": 0.2230095457615738,
    "p84": 0.3550428338244264
  },
  "probabilities": {
    "P_M2_gt_1.4": 0.0,
    "P_M2_gt_3.0": 0.0,
    "P_M2_gt_5.0": 0.0
  },
  "best_fit": {
    "P": 0.7481942424831005,
    "K": 70.35163635354107,
    "e": 0.15319761800659087,
    "omega": 3.559089797201164,
    "T0": 59588.054217391655,
    "gamma": 123.34318979321945,
    "log_L": -139.66623215268234
  },
  "convergence": {
    "n_samples": 38400,
    "acceptance_rate": 0.0034895833333333333
  },
  "input": {
    "targetid": 39627720727987709,
    "n_epochs": 8,
    "mjd": [
      59527.5219731,
      59527.53380277,
      59528.51035788,
      59583.36729815,
      59604.30225763,
      59630.23365122,
      59630.25069572,
      59646.20047356
    ],
    "rv": [
      89.39814607247156,
      91.77465405507037,
      182.75787796209957,
      112.07799149427757,
      114.46814268120268,
      177.87529121282552,
      179.38199478562473,
      129.88962050601228
    ],
    "rv_err": [
      0.8571545928802488,
      1.0799365535816503,
      0.9579796858758863,
      0.6667013744366318,
      0.7499204158300617,
      0.6165679725632995,
      0.5897454001310032,
      1.0868022776384256
    ],
    "delta_rv": 93.35973188962801,
    "baseline_days": 118.67850045999512,
    "M1_assumed": 1.1
  },
  "fast_screen": {
    "period": 0.6283467352470559,
    "K": 45.178106214003805,
    "m2_min": 0.21853602219103585,
    "total_score": 0.7705616342451602
  }
}