{
  "P": {
    "median": 1.0739825986730682,
    "p16": 0.6728400085075197,
    "p84": 1.3284925937319587,
    "mean": 1.0949895764762096,
    "std": 0.34670916310523564
  },
  "K": {
    "median": 304.82581806983205,
    "p16": 237.87541772474424,
    "p84": 355.25979520067574,
    "mean": 297.0847980788506,
    "std": 51.64653932349948
  },
  "e": {
    "median": 0.2682511384310582,
    "p16": 0.13573488614703205,
    "p84": 0.4573112904267472,
    "mean": 0.2936865310373635,
    "std": 0.15858065329298718
  },
  "omega": {
    "median": 3.666833680417999,
    "p16": 1.9268804284873455,
    "p84": 5.67398874719631,
    "mean": 3.7379148016178383,
    "std": 1.5670860490234384
  },
  "T0": {
    "median": 59670.19138113256,
    "p16": 59647.77962845803,
    "p84": 59707.95277335969,
    "mean": 59675.784560005864,
    "std": 40.49334548009169
  },
  "gamma": {
    "median": 86.05612961525726,
    "p16": 74.06046574038764,
    "p84": 107.37374977055566,
    "mean": 90.13329065032875,
    "std": 20.056337984135553
  },
  "f_M": {
    "median": 3.150129576402453,
    "p16": 1.597078895849904,
    "p84": 3.8671765396117457
  },
  "M2_min": {
    "median": 4.770395350623099,
    "p16": 2.9889232436966506,
    "p84": 5.551520717504443
  },
  "probabilities": {
    "P_M2_gt_1.4": 100.0,
    "P_M2_gt_3.0": 82.62760416666667,
    "P_M2_gt_5.0": 39.815104166666664
  },
  "best_fit": {
    "P": 1.24600442839969,
    "K": 267.8387745315189,
    "e": 0.26998733230053235,
    "omega": 6.010508722474734,
    "T0": 59618.176026568195,
    "gamma": 80.582682524284,
    "log_L": -1.5075991897421386
  },
  "convergence": {
    "n_samples": 38400,
    "acceptance_rate": 0.002421875
  },
  "input": {
    "targetid": 39627697768369126,
    "n_epochs": 4,
    "mjd": [
      59621.530884,
      59670.40209132,
      59677.37506468,
      59699.31412792
    ],
    "rv": [
      -84.67491898988642,
      268.24073192575867,
      -99.13994621547573,
      321.75888855945453
    ],
    "rv_err": [
      4.34799986375962,
      25.982720192572398,
      8.78149768419314,
      19.56255381092175
    ],
    "delta_rv": 420.89883477493026,
    "baseline_days": 77.78324391999922,
    "M1_assumed": 1.1
  },
  "fast_screen": {
    "period": 0.8521286639487476,
    "K": 374.5729941279195,
    "m2_min": 6.378381431593519,
    "total_score": 0.7543048284974186
  }
}