{
  "P": {
    "median": 3.321150382413383,
    "p16": 1.6681028150453678,
    "p84": 4.977549714572352,
    "mean": 3.3684669313040536,
    "std": 1.4699422133855355
  },
  "K": {
    "median": 34.211228354206334,
    "p16": 26.35622338410257,
    "p84": 44.14116124448044,
    "mean": 34.71489829947172,
    "std": 8.17988187239613
  },
  "e": {
    "median": 0.28856928894797007,
    "p16": 0.18239363101438838,
    "p84": 0.37407393784393117,
    "mean": 0.28880161371247887,
    "std": 0.10150550183310449
  },
  "omega": {
    "median": 2.983356232492156,
    "p16": 0.8196323413649557,
    "p84": 5.424638089165535,
    "mean": 3.0715605246744544,
    "std": 2.0202146357883226
  },
  "T0": {
    "median": 59593.25392634908,
    "p16": 59554.13831633038,
    "p84": 59617.92429297181,
    "mean": 59587.804590807435,
    "std": 33.14891725311338
  },
  "gamma": {
    "median": 380.1584300053649,
    "p16": 367.45652891243805,
    "p84": 388.80026228183084,
    "mean": 378.8738179533064,
    "std": 9.019234832544962
  },
  "f_M": {
    "median": 0.010010254803890072,
    "p16": 0.005322452809928561,
    "p84": 0.024149560070264454
  },
  "M2_min": {
    "median": 0.26522739071335966,
    "p16": 0.20891963669895253,
    "p84": 0.37444578550810736
  },
  "probabilities": {
    "P_M2_gt_1.4": 0.0,
    "P_M2_gt_3.0": 0.0,
    "P_M2_gt_5.0": 0.0
  },
  "best_fit": {
    "P": 2.9349054907173846,
    "K": 26.150168051915685,
    "e": 0.2873417857335759,
    "omega": 1.2410557460890959,
    "T0": 59597.77080732982,
    "gamma": 383.2254419145354,
    "log_L": -4.119301123575601
  },
  "convergence": {
    "n_samples": 38400,
    "acceptance_rate": 0.004505208333333333
  },
  "input": {
    "targetid": 39627642374195069,
    "n_epochs": 8,
    "mjd": [
      59530.50828102,
      59530.52589311,
      59531.50689791,
      59559.42997896,
      59559.44199481,
      59660.13914617,
      59660.15773575,
      59660.16970201
    ],
    "rv": [
      369.3047031819844,
      369.0562385181884,
      368.7227527945578,
      406.78660344382297,
      406.4221827859762,
      357.67766078315,
      360.9258554068661,
      359.78788038561174
    ],
    "rv_err": [
      1.6034470815624144,
      2.044586510233281,
      1.77912337784392,
      1.8210827220346155,
      1.6428762224999023,
      1.9649050452840122,
      2.321290258805883,
      2.2500803659202075
    ],
    "delta_rv": 49.108942660672994,
    "baseline_days": 129.6614209899999,
    "M1_assumed": 1.1
  },
  "fast_screen": {
    "period": 2.2588311648007204,
    "K": 35.501252127014325,
    "m2_min": 0.26984885988478896,
    "total_score": 0.686738670373931
  }
}