{
  "P": {
    "median": 2.754299467370976,
    "p16": 1.1379855497068252,
    "p84": 4.233561066612381,
    "mean": 2.932383255999626,
    "std": 1.4796132031433549
  },
  "K": {
    "median": 123.45175819052201,
    "p16": 99.80812541930771,
    "p84": 222.48268167078925,
    "mean": 152.61024951397997,
    "std": 58.75966585441155
  },
  "e": {
    "median": 0.2561758735123089,
    "p16": 0.12346945786438424,
    "p84": 0.4762752355661274,
    "mean": 0.2887850464888368,
    "std": 0.1740862722468952
  },
  "omega": {
    "median": 3.7715304389832998,
    "p16": 1.3791200785490063,
    "p84": 5.161433969481104,
    "mean": 3.4921809139301985,
    "std": 1.6427916739313826
  },
  "T0": {
    "median": 59606.75321857455,
    "p16": 59540.64086917584,
    "p84": 59653.45601991728,
    "mean": 59606.17519501336,
    "std": 52.706644909078236
  },
  "gamma": {
    "median": -73.23615919723049,
    "p16": -83.51844782247314,
    "p84": -54.68109953361498,
    "mean": -70.93892111975248,
    "std": 15.014198395180982
  },
  "f_M": {
    "median": 0.6154127552035569,
    "p16": 0.21298547546652513,
    "p84": 4.4638210847401485
  },
  "M2_min": {
    "median": 1.5428274594496927,
    "p16": 0.8757231592857722,
    "p84": 5.923348829288178
  },
  "probabilities": {
    "P_M2_gt_1.4": 57.005208333333336,
    "P_M2_gt_3.0": 25.28125,
    "P_M2_gt_5.0": 23.34375
  },
  "best_fit": {
    "P": 3.473934140648939,
    "K": 101.82739000937009,
    "e": 0.13966529819864304,
    "omega": 3.340600018027317,
    "T0": 59533.92839607898,
    "gamma": -73.245536669788,
    "log_L": -2.0689730556668358
  },
  "convergence": {
    "n_samples": 38400,
    "acceptance_rate": 0.0031510416666666666
  },
  "input": {
    "targetid": 39627782438786687,
    "n_epochs": 5,
    "mjd": [
      59370.24503266,
      59639.51561109,
      59645.49632843,
      59663.43842425,
      59663.45484231
    ],
    "rv": [
      -162.07200226093622,
      13.113249081239706,
      -114.98628274728863,
      -31.00228115614471,
      -1.853000600168204
    ],
    "rv_err": [
      6.872014405871173,
      7.669852153765032,
      15.019944112463445,
      19.475254964425222,
      35.54169388655316
    ],
    "delta_rv": 175.18525134217592,
    "baseline_days": 293.2098096499976,
    "M1_assumed": 0.9
  },
  "fast_screen": {
    "period": 2.400738920751878,
    "K": 181.50194550224865,
    "m2_min": 2.6626277160762815,
    "total_score": 0.71531550906275
  }
}