{
  "P": {
    "median": 2.1201249981208603,
    "p16": 1.761521849619656,
    "p84": 2.91824371361669,
    "mean": 2.3643965216016487,
    "std": 0.8326863363367775
  },
  "K": {
    "median": 33.92966672962986,
    "p16": 27.308038698723315,
    "p84": 40.8955187337259,
    "mean": 33.82923348187857,
    "std": 6.398703414567838
  },
  "e": {
    "median": 0.30020090131113514,
    "p16": 0.19316811621146723,
    "p84": 0.5545010298948236,
    "mean": 0.34690979512608117,
    "std": 0.18840495358833817
  },
  "omega": {
    "median": 4.162225232256807,
    "p16": 1.7704148892725893,
    "p84": 5.3255567153726435,
    "mean": 3.748701235189242,
    "std": 1.607620024489072
  },
  "T0": {
    "median": 59621.75378038553,
    "p16": 59597.54070274729,
    "p84": 59643.842205181005,
    "mean": 59622.00086240324,
    "std": 23.564995594827234
  },
  "gamma": {
    "median": 49.97512253004332,
    "p16": 46.14723881477418,
    "p84": 57.456250967297834,
    "mean": 50.79279222826974,
    "std": 6.3768906409797745
  },
  "f_M": {
    "median": 0.009341956768424363,
    "p16": 0.004444274516456193,
    "p84": 0.013864502419609202
  },
  "M2_min": {
    "median": 0.2583127225060956,
    "p16": 0.1953724869024124,
    "p84": 0.3007523281538126
  },
  "probabilities": {
    "P_M2_gt_1.4": 0.0,
    "P_M2_gt_3.0": 0.0,
    "P_M2_gt_5.0": 0.0
  },
  "best_fit": {
    "P": 1.8780945660573256,
    "K": 37.19624279280403,
    "e": 0.23751954345278728,
    "omega": 4.9517099205488115,
    "T0": 59638.356722162534,
    "gamma": 49.896148149088795,
    "log_L": -373.84066174173614
  },
  "convergence": {
    "n_samples": 38400,
    "acceptance_rate": 0.006927083333333334
  },
  "input": {
    "targetid": 39627690751300586,
    "n_epochs": 9,
    "mjd": [
      59561.48352617,
      59582.41877441,
      59615.3261878,
      59615.33853506,
      59638.25842889,
      59640.24774893,
      59668.17859668,
      59668.19748591,
      59671.18012984
    ],
    "rv": [
      85.97057263707977,
      90.94129448761525,
      30.5136164893281,
      31.50519518842519,
      33.07917274219247,
      59.19684126249322,
      24.357481429511246,
      25.710850969563257,
      44.796869324675974
    ],
    "rv_err": [
      0.5714629189065966,
      0.7224095668327799,
      0.962352779504266,
      0.9018919161664108,
      1.1037696081322026,
      0.6951658856669288,
      0.7668287988245794,
      0.7058577617613662,
      0.6578812783391496
    ],
    "delta_rv": 66.583813058104,
    "baseline_days": 109.69660367000324,
    "M1_assumed": 1.1
  },
  "fast_screen": {
    "period": 2.2935016746798667,
    "K": 33.166279375639924,
    "m2_min": 0.2510616932263928,
    "total_score": 0.7324616344713047
  }
}