{
  "P": {
    "median": 0.7478594242606477,
    "p16": 0.595625747889385,
    "p84": 0.7798654003712108,
    "mean": 0.799662601747724,
    "std": 0.2639533346844338
  },
  "K": {
    "median": 153.28562359617544,
    "p16": 133.78358004244035,
    "p84": 179.7838644468266,
    "mean": 157.383743488711,
    "std": 22.472324881346054
  },
  "e": {
    "median": 0.22897855261082584,
    "p16": 0.15608108483873107,
    "p84": 0.3316820744348101,
    "mean": 0.22849526773119697,
    "std": 0.08357987000992247
  },
  "omega": {
    "median": 4.137418480623291,
    "p16": 1.4662307834680588,
    "p84": 4.819854649520143,
    "mean": 3.4226622484295572,
    "std": 1.6756670488017098
  },
  "T0": {
    "median": 59642.87132512437,
    "p16": 59600.98557612961,
    "p84": 59668.90689134754,
    "mean": 59638.19009237252,
    "std": 36.091964225285324
  },
  "gamma": {
    "median": -33.63497946258452,
    "p16": -49.12710514075296,
    "p84": -24.574347650731493,
    "mean": -35.288232789008575,
    "std": 10.52945570935023
  },
  "f_M": {
    "median": 0.29215994715245985,
    "p16": 0.17894693777176734,
    "p84": 0.47204491131450943
  },
  "M2_min": {
    "median": 0.9124117246769957,
    "p16": 0.707860895357496,
    "p84": 1.190418870355953
  },
  "probabilities": {
    "P_M2_gt_1.4": 4.166666666666666,
    "P_M2_gt_3.0": 0.0,
    "P_M2_gt_5.0": 0.0
  },
  "best_fit": {
    "P": 0.5984158882276992,
    "K": 187.43221720469305,
    "e": 0.1778777480660743,
    "omega": 3.4683040648097716,
    "T0": 59630.81442074095,
    "gamma": -49.67747129635963,
    "log_L": -0.7797114062454358
  },
  "convergence": {
    "n_samples": 38400,
    "acceptance_rate": 0.004348958333333333
  },
  "input": {
    "targetid": 39627842698352101,
    "n_epochs": 5,
    "mjd": [
      59624.5001403,
      59640.48179787,
      59647.46375596,
      59648.4581333,
      59650.4519599
    ],
    "rv": [
      86.2190873209652,
      -77.5488969344596,
      -167.0486392326642,
      98.12281747470489,
      -141.90323017474384
    ],
    "rv_err": [
      17.5409260517802,
      16.09283243673387,
      10.072006754016915,
      4.219317950116513,
      15.09148343740638
    ],
    "delta_rv": 265.1714567073691,
    "baseline_days": 25.951819599999,
    "M1_assumed": 0.7
  },
  "fast_screen": {
    "period": 0.6002794710877652,
    "K": 161.03020132283294,
    "m2_min": 0.8571163121396588,
    "total_score": 0.7225613429105577
  }
}