{
  "P": {
    "median": 0.9639703463443212,
    "p16": 0.7870767162776551,
    "p84": 1.1612123507471446,
    "mean": 0.9681783566662242,
    "std": 0.23209192496418773
  },
  "K": {
    "median": 68.06011718645075,
    "p16": 43.56531679232637,
    "p84": 93.98763125187715,
    "mean": 71.10289711251288,
    "std": 34.010047034187735
  },
  "e": {
    "median": 0.3275900611844423,
    "p16": 0.10565328917387032,
    "p84": 0.5056549248663101,
    "mean": 0.32122632381336963,
    "std": 0.17218436456368952
  },
  "omega": {
    "median": 2.8620808634735857,
    "p16": 1.661905833140651,
    "p84": 4.235321280869155,
    "mean": 2.8116015387954287,
    "std": 1.104040112513784
  },
  "T0": {
    "median": 59523.15218689396,
    "p16": 59450.81549579884,
    "p84": 59561.68806944464,
    "mean": 59507.47832912019,
    "std": 82.58266179285866
  },
  "gamma": {
    "median": 255.46028166070468,
    "p16": 242.9391760916899,
    "p84": 269.3694602101278,
    "mean": 256.70897924558267,
    "std": 13.812136070227165
  },
  "f_M": {
    "median": 0.027545933862715873,
    "p16": 0.009681134145809688,
    "p84": 0.08680808227445085
  },
  "M2_min": {
    "median": 0.21946395016406178,
    "p16": 0.14161234551943067,
    "p84": 0.3729125003198761
  },
  "probabilities": {
    "P_M2_gt_1.4": 0.0,
    "P_M2_gt_3.0": 0.0,
    "P_M2_gt_5.0": 0.0
  },
  "best_fit": {
    "P": 0.9639703463443212,
    "K": 40.45278393642572,
    "e": 0.3641378265843229,
    "omega": 4.342681094557904,
    "T0": 59524.706904893734,
    "gamma": 258.8362358649655,
    "log_L": -3.7089339368422736
  },
  "convergence": {
    "n_samples": 38400,
    "acceptance_rate": 0.0033072916666666667
  },
  "input": {
    "targetid": 39632971027713774,
    "n_epochs": 6,
    "mjd": [
      59350.17088345,
      59350.18307684,
      59587.51975931,
      59604.47510384,
      59672.29304279,
      59672.30987332
    ],
    "rv": [
      176.72932926450787,
      231.82666593961738,
      292.3718970388815,
      220.5428696313634,
      284.3845062902954,
      299.537819892751
    ],
    "rv_err": [
      19.866360861209518,
      20.256612422480174,
      2.512636240808034,
      10.49979466322634,
      2.4603641904917253,
      8.86111244581808
    ],
    "delta_rv": 122.8084906282431,
    "baseline_days": 322.13898986999993,
    "M1_assumed": 0.4
  },
  "fast_screen": {
    "period": 0.5822679826251143,
    "K": 83.76803386193328,
    "m2_min": 0.24534798002908023,
    "total_score": 0.7171435648809732
  }
}