{
  "P": {
    "median": 0.881004680204827,
    "p16": 0.729986690922694,
    "p84": 1.0084682345092588,
    "mean": 0.8781328670839398,
    "std": 0.1656595665511843
  },
  "K": {
    "median": 253.99923202638195,
    "p16": 185.5887697360858,
    "p84": 272.60322948353394,
    "mean": 240.73869458493195,
    "std": 47.82261194715745
  },
  "e": {
    "median": 0.24537051595781642,
    "p16": 0.07318096210669929,
    "p84": 0.3796958950733611,
    "mean": 0.2511502632863327,
    "std": 0.1464410198365172
  },
  "omega": {
    "median": 3.0016774340479975,
    "p16": 1.6745034604586166,
    "p84": 4.4245626795755735,
    "mean": 2.97951402522204,
    "std": 1.276763597568898
  },
  "T0": {
    "median": 59687.66339406304,
    "p16": 59635.74029861045,
    "p84": 59723.94206610808,
    "mean": 59678.230353396524,
    "std": 44.07866159033432
  },
  "gamma": {
    "median": -344.27777753181783,
    "p16": -354.74813868304096,
    "p84": -322.15167979621265,
    "mean": -339.59999549326915,
    "std": 20.73032059510245
  },
  "f_M": {
    "median": 1.486836481284177,
    "p16": 0.5450028939211913,
    "p84": 2.0387835031935624
  },
  "M2_min": {
    "median": 3.204542020896088,
    "p16": 1.8166155311820686,
    "p84": 3.9055747642362117
  },
  "probabilities": {
    "P_M2_gt_1.4": 92.05989583333334,
    "P_M2_gt_3.0": 64.875,
    "P_M2_gt_5.0": 3.609375
  },
  "best_fit": {
    "P": 1.3021215704756308,
    "K": 114.41343877158091,
    "e": 0.12815576819967328,
    "omega": 1.9374963266859797,
    "T0": 59587.73236509117,
    "gamma": -311.91458305907014,
    "log_L": -1.5247540231964976
  },
  "convergence": {
    "n_samples": 38400,
    "acceptance_rate": 0.0022916666666666667
  },
  "input": {
    "targetid": 39632936437288261,
    "n_epochs": 4,
    "mjd": [
      59672.48181361,
      59672.4946745,
      59679.45992095,
      59708.36756478
    ],
    "rv": [
      -399.4859340024144,
      -418.4090555878437,
      -306.397482638979,
      -204.8204445738158
    ],
    "rv_err": [
      14.697884781704373,
      11.619653856253397,
      8.506362676132705,
      10.178698957202768
    ],
    "delta_rv": 213.5886110140279,
    "baseline_days": 35.88575116999709,
    "M1_assumed": 1.5
  },
  "fast_screen": {
    "period": 0.6379911487080479,
    "K": 407.67661260743546,
    "m2_min": 6.706408192874183,
    "total_score": 0.7516157056381426
  }
}