{
  "P": {
    "median": 1.9382454520521568,
    "p16": 1.1712708788365342,
    "p84": 3.576908318348749,
    "mean": 2.2266019122622045,
    "std": 1.0749641456485877
  },
  "K": {
    "median": 66.5170244505234,
    "p16": 46.51588430655328,
    "p84": 91.79687097226542,
    "mean": 68.91914690120248,
    "std": 21.906781635137676
  },
  "e": {
    "median": 0.2414522395267816,
    "p16": 0.15789690546226717,
    "p84": 0.30327996804425883,
    "mean": 0.24598108846297165,
    "std": 0.11109487436971249
  },
  "omega": {
    "median": 2.439102999360961,
    "p16": 0.8195269223541726,
    "p84": 4.072440499534834,
    "mean": 2.4930180459700026,
    "std": 1.432841115183794
  },
  "T0": {
    "median": 59548.1820025739,
    "p16": 59526.22359503422,
    "p84": 59567.36782590389,
    "mean": 59544.46572145733,
    "std": 30.40155655178843
  },
  "gamma": {
    "median": -64.0677145866084,
    "p16": -72.94299928161455,
    "p84": -44.878222949300834,
    "mean": -60.085171608006085,
    "std": 14.390219088054147
  },
  "f_M": {
    "median": 0.06551013756367255,
    "p16": 0.01089480570714973,
    "p84": 0.2597244874407584
  },
  "M2_min": {
    "median": 0.56667960833665,
    "p16": 0.27398575473094317,
    "p84": 1.0691208474695242
  },
  "probabilities": {
    "P_M2_gt_1.4": 8.333333333333332,
    "P_M2_gt_3.0": 0.0,
    "P_M2_gt_5.0": 0.0
  },
  "best_fit": {
    "P": 1.6135939885637582,
    "K": 46.51588430655328,
    "e": 0.272028929134222,
    "omega": 2.4721847874741747,
    "T0": 59548.91228655661,
    "gamma": -74.39878549194181,
    "log_L": -5.808497932407183
  },
  "convergence": {
    "n_samples": 38400,
    "acceptance_rate": 0.002395833333333333
  },
  "input": {
    "targetid": 39633412838916140,
    "n_epochs": 6,
    "mjd": [
      59507.32906259,
      59521.38878316,
      59535.25328343,
      59535.26956386,
      59535.28379177,
      59619.11358479
    ],
    "rv": [
      -96.78252902214973,
      -96.02653816624681,
      -42.25484076002694,
      -42.68776852486356,
      -49.25252588481827,
      -52.99301668819539
    ],
    "rv_err": [
      1.814619230364073,
      1.8991398272435807,
      2.8406539138428286,
      2.8908944898231876,
      3.7265327767586847,
      2.2155010289246326
    ],
    "delta_rv": 54.527688262122794,
    "baseline_days": 111.78452220000327,
    "M1_assumed": 1.1
  },
  "fast_screen": {
    "period": 1.7702684193777023,
    "K": 83.86273593274328,
    "m2_min": 0.7068575513973868,
    "total_score": 0.701112715822142
  }
}