{
  "P": {
    "median": 0.931931322670919,
    "p16": 0.7623238647442239,
    "p84": 1.4190411666094598,
    "mean": 1.037765831674126,
    "std": 0.3071242498694607
  },
  "K": {
    "median": 33.27808987419574,
    "p16": 27.174785747390366,
    "p84": 41.603558484106856,
    "mean": 34.429930097552656,
    "std": 9.118814193602251
  },
  "e": {
    "median": 0.3108721739738823,
    "p16": 0.17169440828524454,
    "p84": 0.4777211934151758,
    "mean": 0.32220526219848944,
    "std": 0.1365761202504798
  },
  "omega": {
    "median": 2.2177317061347677,
    "p16": 0.886005209930818,
    "p84": 4.483674104150148,
    "mean": 2.5966291210852512,
    "std": 1.643930463765677
  },
  "T0": {
    "median": 59598.54631246663,
    "p16": 59584.52729074595,
    "p84": 59625.994616252,
    "mean": 59603.58716199522,
    "std": 18.61866458858025
  },
  "gamma": {
    "median": 57.75568469171848,
    "p16": 49.782982535987465,
    "p84": 64.61431949040275,
    "mean": 58.0450798990434,
    "std": 7.728042861599357
  },
  "f_M": {
    "median": 0.003971660623935201,
    "p16": 0.002354055873830036,
    "p84": 0.006703354142102072
  },
  "M2_min": {
    "median": 0.18741439769610965,
    "p16": 0.1547550734821725,
    "p84": 0.22777953483357763
  },
  "probabilities": {
    "P_M2_gt_1.4": 0.0,
    "P_M2_gt_3.0": 0.0,
    "P_M2_gt_5.0": 0.0
  },
  "best_fit": {
    "P": 1.1924341102371914,
    "K": 28.19209079895832,
    "e": 0.10510115538368014,
    "omega": 1.4561395737550717,
    "T0": 59609.0067812165,
    "gamma": 60.724133578250054,
    "log_L": -34.47451012812031
  },
  "convergence": {
    "n_samples": 38400,
    "acceptance_rate": 0.002421875
  },
  "input": {
    "targetid": 39633020398863481,
    "n_epochs": 6,
    "mjd": [
      59351.24878834,
      59604.54021723,
      59606.5331719,
      59672.35911625,
      59672.3741769,
      59691.3108466
    ],
    "rv": [
      88.21838121922555,
      32.77280057352821,
      66.51083962735126,
      40.40269658885588,
      44.827468783054655,
      59.84434795410863
    ],
    "rv_err": [
      0.9836955902842967,
      0.9484943393326294,
      1.8720183229938159,
      1.139157672882149,
      1.3785212123064972,
      1.032510471124622
    ],
    "delta_rv": 55.44558064569734,
    "baseline_days": 340.06205825999496,
    "M1_assumed": 1.1
  },
  "fast_screen": {
    "period": 0.905662397840405,
    "K": 38.39136503883711,
    "m2_min": 0.2087325400686192,
    "total_score": 0.709033075898709
  }
}