{
  "P": {
    "median": 2.1907090824635485,
    "p16": 1.463835015683486,
    "p84": 2.8989372712178048,
    "mean": 2.174620945963409,
    "std": 0.7621340466722297
  },
  "K": {
    "median": 231.5751506061494,
    "p16": 134.18147949105762,
    "p84": 268.1183196297412,
    "mean": 214.68776692728545,
    "std": 55.404389759494165
  },
  "e": {
    "median": 0.4184580338070052,
    "p16": 0.2631780432891472,
    "p84": 0.6405075646580478,
    "mean": 0.45172907290822706,
    "std": 0.19272900787798763
  },
  "omega": {
    "median": 2.8299575267636374,
    "p16": 1.114349558327143,
    "p84": 4.238592215170764,
    "mean": 2.8443628229272946,
    "std": 1.3534814820229715
  },
  "T0": {
    "median": 59532.55069304571,
    "p16": 59454.26184858299,
    "p84": 59600.01760692701,
    "mean": 59546.00390221344,
    "std": 106.83592960391451
  },
  "gamma": {
    "median": -191.47522809770928,
    "p16": -218.59912976900293,
    "p84": -154.3615706092973,
    "mean": -188.62426903126163,
    "std": 35.76608262283564
  },
  "f_M": {
    "median": 2.482914545589579,
    "p16": 0.7796275435563579,
    "p84": 3.9835948089299826
  },
  "M2_min": {
    "median": 4.025336284183541,
    "p16": 1.9251173565454158,
    "p84": 5.6769353274683665
  },
  "probabilities": {
    "P_M2_gt_1.4": 91.31510416666667,
    "P_M2_gt_3.0": 67.0,
    "P_M2_gt_5.0": 23.46875
  },
  "best_fit": {
    "P": 2.6020944697674864,
    "K": 122.14817858879715,
    "e": 0.5945700438427981,
    "omega": 1.0801685818171203,
    "T0": 59473.45183730243,
    "gamma": -150.245231312234,
    "log_L": -3.0942999716775317
  },
  "convergence": {
    "n_samples": 38400,
    "acceptance_rate": 0.002109375
  },
  "input": {
    "targetid": 39632966250401132,
    "n_epochs": 4,
    "mjd": [
      59350.23111424,
      59350.23672066,
      59632.4559113,
      59698.2724151
    ],
    "rv": [
      -143.15720517157462,
      -138.99847136129372,
      -229.35552333246287,
      -194.02615263303946
    ],
    "rv_err": [
      4.789975320874896,
      2.3997990296780256,
      3.8895331126394033,
      1.4613461564083436
    ],
    "delta_rv": 90.35705197116914,
    "baseline_days": 348.0413008600008,
    "M1_assumed": 1.1
  },
  "fast_screen": {
    "period": 2.0615412425120088,
    "K": 400.36238202233733,
    "m2_min": 15.695944287921666,
    "total_score": 0.6940426672911614
  }
}