{
  "targetid": 39627672464130135,
  "experiment": "E3_dwd_lisa",
  "ra": 0.0,
  "dec": 0.0,
  "n_epochs": 7,
  "delta_rv": 155.02080589087063,
  "best_period": 1.0708645280052622,
  "best_K": 385.1186330968777,
  "m2_min": 7.074453513751429,
  "physics_score": 0.7616214843136013,
  "total_score": 0.8146485937254405,
  "is_pathological": false,
  "pathology_reasons": [],
  "notes": "Basic dossier - full MCMC not run"
}