{
  "targetid": 39627580969583320,
  "experiment": "E2_dark_companions",
  "ra": 0.0,
  "dec": 0.0,
  "n_epochs": 5,
  "delta_rv": 298.353303795489,
  "best_period": 16.363324594010546,
  "best_K": 160.5609592870802,
  "m2_min": 8.866864073677615,
  "physics_score": 1.0,
  "total_score": 0.8033333333333333,
  "is_pathological": false,
  "pathology_reasons": [],
  "notes": "Basic dossier - full MCMC not run"
}