{
  "targetid": 39627775400742282,
  "experiment": "E1_mass_gap",
  "ra": 0.0,
  "dec": 0.0,
  "n_epochs": 6,
  "delta_rv": 231.6365913519125,
  "best_period": 10.361266118579055,
  "best_K": 164.4668562831455,
  "m2_min": 6.250249567310829,
  "physics_score": 0.7091249389968945,
  "total_score": 0.7903166422654245,
  "is_pathological": false,
  "pathology_reasons": [],
  "notes": "Basic dossier - full MCMC not run"
}