{
  "targetid": 39627786842800776,
  "experiment": "E2_dark_companions",
  "ra": 0.0,
  "dec": 0.0,
  "n_epochs": 5,
  "delta_rv": 219.4957866123175,
  "best_period": 14.934125684484204,
  "best_K": 245.84932322800012,
  "m2_min": 24.334451663466044,
  "physics_score": 1.0,
  "total_score": 0.8033333333333333,
  "is_pathological": false,
  "pathology_reasons": [],
  "notes": "Basic dossier - full MCMC not run"
}