{
  "targetid": 39627805893329991,
  "experiment": "E5_hierarchical",
  "ra": 0.0,
  "dec": 0.0,
  "n_epochs": 5,
  "delta_rv": 412.2282590173143,
  "best_period": 8.24486349444083,
  "best_K": 252.04406376750097,
  "m2_min": 15.330798778986601,
  "physics_score": 1.0,
  "total_score": 0.8633333333333334,
  "is_pathological": false,
  "pathology_reasons": [],
  "notes": "Basic dossier - full MCMC not run"
}