{
  "source_id": 3802130935635096832,
  "ra": 164.52349428314767,
  "dec": -1.6601557742314024,
  "phot_g_mean_mag": 17.272504806518555
}