{
  "method": "Two-template least squares fit",
  "neighbor_flux_fraction_expected": 0.13049804333888423,
  "epochs": [
    {
      "label": "Epoch1 (MJD 59568)",
      "mjd": 59568.48825,
      "n_pixels": 1513,
      "single": {
        "a": 1.0,
        "v1": 0.0,
        "chi2": 3.531425037240095,
        "bic": 18.175124464816808
      },
      "two": {
        "a": 0.87,
        "v1": 0.0,
        "b": 0.13,
        "v2": 0.0,
        "chi2": 3.5314250371450844,
        "bic": 32.81882389229851
      },
      "delta_bic": 14.643699427481703,
      "prefers_two": null
    },
    {
      "label": "Epoch2 (MJD 59605)",
      "mjd": 59605.38003,
      "n_pixels": 1462,
      "single": {
        "a": 0.9995252100545992,
        "v1": 14.95619154967094,
        "chi2": 3003.604623154943,
        "bic": 3018.1797444355625
      },
      "two": {
        "a": 0.5300591080347954,
        "v1": -18.190087996232077,
        "b": 0.4699890733366539,
        "v2": 144.72996232768594,
        "chi2": 2414.4325338189215,
        "bic": 2443.5827763801603
      },
      "delta_bic": -574.5969680554022,
      "prefers_two": null
    },
    {
      "label": "Epoch3 (MJD 59607, coadd)",
      "mjd": 59607.38,
      "n_pixels": 1513,
      "single": {
        "a": 0.9977269674814078,
        "v1": 17.765248713560894,
        "chi2": 3613.654230300828,
        "bic": 3628.297929728405
      },
      "two": {
        "a": 0.5160562068189001,
        "v1": 17.239785749814384,
        "b": 0.4818906186858818,
        "v2": 119.07558342482454,
        "chi2": 2999.1625421189005,
        "bic": 3028.449940974054
      },
      "delta_bic": -599.8479887543513,
      "prefers_two": null
    }
  ],
  "verdict": "TWO_TEMPLATE_PREFERRED"
}