{
  "P": {
    "median": 3.5542683966315263,
    "p16": 1.9618128513257094,
    "p84": 6.039741365522242,
    "mean": 4.268572265433186,
    "std": 2.1164610843843996
  },
  "K": {
    "median": 279.8880195725982,
    "p16": 177.15430416545942,
    "p84": 288.6380709978153,
    "mean": 256.44918910631185,
    "std": 46.692753184292926
  },
  "e": {
    "median": 0.1968524491107849,
    "p16": 0.09394336480482572,
    "p84": 0.4378943907285862,
    "mean": 0.25205026411812514,
    "std": 0.18689748094632727
  },
  "omega": {
    "median": 3.4296327426954765,
    "p16": 1.8503112607709302,
    "p84": 5.290020218609287,
    "mean": 3.3848876803820884,
    "std": 1.4296703221590397
  },
  "T0": {
    "median": 59585.6024019817,
    "p16": 59553.570731849926,
    "p84": 59725.638100321485,
    "mean": 59619.85573726868,
    "std": 76.59887503889617
  },
  "gamma": {
    "median": -324.2097687974127,
    "p16": -370.64189653174554,
    "p84": -297.59112882465257,
    "mean": -329.36577804450616,
    "std": 30.674910526403437
  },
  "f_M": {
    "median": 8.20049253175614,
    "p16": 1.8270393683664619,
    "p84": 15.376296513264258
  },
  "M2_min": {
    "median": 8.949887108172595,
    "p16": 2.46742570234156,
    "p84": 16.147522880191136
  },
  "probabilities": {
    "P_M2_gt_1.4": 94.47135416666667,
    "P_M2_gt_3.0": 80.83333333333333,
    "P_M2_gt_5.0": 72.19010416666667
  },
  "best_fit": {
    "P": 1.8462888382939107,
    "K": 280.47969336310155,
    "e": 0.4378943907285862,
    "omega": 3.63094561923668,
    "T0": 59552.51956402508,
    "gamma": -327.72903082380736,
    "log_L": -1.6476235702067283
  },
  "convergence": {
    "n_samples": 38400,
    "acceptance_rate": 0.0036979166666666666
  },
  "input": {
    "targetid": 39627933777661858,
    "n_epochs": 5,
    "mjd": [
      59400.28827564,
      59400.30636078,
      59700.45860563,
      59705.44772001,
      59711.44572663
    ],
    "rv": [
      -205.11905424273434,
      -226.56174730458164,
      -247.21970023992964,
      -469.13523837659045,
      -426.05965375284063
    ],
    "rv_err": [
      11.140438999008513,
      17.695030531651426,
      43.67249412393741,
      27.185025828699757,
      27.97488608522968
    ],
    "delta_rv": 264.0161841338561,
    "baseline_days": 311.15745099000196,
    "M1_assumed": 0.4
  },
  "fast_screen": {
    "period": 2.97138551090938,
    "K": 497.5318777657743,
    "m2_min": 38.70384511007433,
    "total_score": 0.8033333333333333
  }
}