{
  "P": {
    "median": 1.8463880044056116,
    "p16": 0.9676236159548295,
    "p84": 2.9773578780444705,
    "mean": 1.9970194261856533,
    "std": 0.9803021143219555
  },
  "K": {
    "median": 250.28841826043646,
    "p16": 197.43271533090766,
    "p84": 279.69283695608794,
    "mean": 243.84947204099717,
    "std": 40.46029069959563
  },
  "e": {
    "median": 0.3347121923473185,
    "p16": 0.17873139678047845,
    "p84": 0.6121805775446167,
    "mean": 0.3727797968460512,
    "std": 0.1882967269428727
  },
  "omega": {
    "median": 2.819365273178786,
    "p16": 1.3731170370687171,
    "p84": 4.418967299918394,
    "mean": 2.9153262895996193,
    "std": 1.6482290421550159
  },
  "T0": {
    "median": 59566.92100527839,
    "p16": 59461.79714797935,
    "p84": 59619.76941556172,
    "mean": 59556.82593252072,
    "std": 72.79608493566361
  },
  "gamma": {
    "median": -139.44583048295232,
    "p16": -150.43515688339224,
    "p84": -104.53210008149105,
    "mean": -132.49924055775776,
    "std": 29.126767141998272
  },
  "f_M": {
    "median": 2.5813834911172964,
    "p16": 1.2256914811404283,
    "p84": 5.670081654866014
  },
  "M2_min": {
    "median": 3.2548420490701884,
    "p16": 1.822691623988636,
    "p84": 6.400886341449839
  },
  "probabilities": {
    "P_M2_gt_1.4": 95.83333333333334,
    "P_M2_gt_3.0": 52.4140625,
    "P_M2_gt_5.0": 28.723958333333332
  },
  "best_fit": {
    "P": 0.5930790292025203,
    "K": 145.62190537537754,
    "e": 0.20182886905555453,
    "omega": 1.7653594042818557,
    "T0": 59437.563674085875,
    "gamma": -112.14098168297201,
    "log_L": -0.5647552982420656
  },
  "convergence": {
    "n_samples": 38400,
    "acceptance_rate": 0.0030989583333333333
  },
  "input": {
    "targetid": 39627860964543690,
    "n_epochs": 4,
    "mjd": [
      59371.23964262,
      59371.25253416,
      59736.24142476,
      59736.25293442
    ],
    "rv": [
      -253.41258336471802,
      -255.55498143882446,
      -40.75649625125481,
      -17.84321420617977
    ],
    "rv_err": [
      8.805044157184227,
      14.734418301769177,
      11.835254559213942,
      9.685092080867594
    ],
    "delta_rv": 237.7117672326447,
    "baseline_days": 365.01329180000175,
    "M1_assumed": 0.4
  },
  "fast_screen": {
    "period": 1.228208639863351,
    "K": 442.5491171853556,
    "m2_min": 11.790617901272714,
    "total_score": 0.76
  }
}