{
  "P": {
    "median": 1.3343665164010825,
    "p16": 0.8571088585423179,
    "p84": 1.5118633113022804,
    "mean": 1.2712966589543973,
    "std": 0.3531234311125915
  },
  "K": {
    "median": 179.9619708646556,
    "p16": 117.94726481701693,
    "p84": 241.3583526331301,
    "mean": 180.28416784016832,
    "std": 54.15604578665968
  },
  "e": {
    "median": 0.40364726274875995,
    "p16": 0.21748206839793152,
    "p84": 0.613302810162198,
    "mean": 0.3960321795367501,
    "std": 0.1794135080025184
  },
  "omega": {
    "median": 2.5771398519260633,
    "p16": 0.8547372654364629,
    "p84": 4.290854537674706,
    "mean": 2.5674285971352564,
    "std": 1.549155797112531
  },
  "T0": {
    "median": 59634.65357284237,
    "p16": 59600.128809868285,
    "p84": 59697.952081228585,
    "mean": 59636.908710329895,
    "std": 67.47915441254719
  },
  "gamma": {
    "median": 151.23087886803023,
    "p16": 129.66896697559264,
    "p84": 196.40405190524228,
    "mean": 157.36584786349698,
    "std": 34.87676050123896
  },
  "f_M": {
    "median": 0.8615350129362865,
    "p16": 0.15215892798545327,
    "p84": 1.6363866836976506
  },
  "M2_min": {
    "median": 1.4167128698523563,
    "p16": 0.49628273528457983,
    "p84": 2.265303852774314
  },
  "probabilities": {
    "P_M2_gt_1.4": 50.567708333333336,
    "P_M2_gt_3.0": 9.463541666666666,
    "P_M2_gt_5.0": 3.9401041666666665
  },
  "best_fit": {
    "P": 1.2580685836158667,
    "K": 188.0186961443542,
    "e": 0.4042849836619024,
    "omega": 2.719060049272075,
    "T0": 59632.212321978084,
    "gamma": 151.22092598462524,
    "log_L": -2.366740443419247
  },
  "convergence": {
    "n_samples": 38400,
    "acceptance_rate": 0.004322916666666667
  },
  "input": {
    "targetid": 39627672464130135,
    "n_epochs": 7,
    "mjd": [
      59525.5198121,
      59527.51129479,
      59630.23365122,
      59630.25069571,
      59660.13914615,
      59660.15773572,
      59673.11560075
    ],
    "rv": [
      85.62711112760888,
      232.1002110575746,
      196.63217966324396,
      240.56086206560042,
      93.54648962141914,
      125.52461254742035,
      240.64791701847952
    ],
    "rv_err": [
      10.079245197976496,
      15.23255852164852,
      20.634006231475432,
      22.257225291124698,
      21.0319347907665,
      29.95905812633237,
      48.6963180573062
    ],
    "delta_rv": 155.02080589087063,
    "baseline_days": 147.59578865000367,
    "M1_assumed": 0.4
  },
  "fast_screen": {
    "period": 1.0708645280052622,
    "K": 385.1186330968777,
    "m2_min": 7.074453513751429,
    "total_score": 0.8221317685710916
  }
}