{
  "P": {
    "median": 19.712933268347314,
    "p16": 14.328328044040072,
    "p84": 32.411667072222485,
    "mean": 21.745221959999217,
    "std": 9.382752944461787
  },
  "K": {
    "median": 127.4079649457164,
    "p16": 77.51257268435666,
    "p84": 189.70857517506735,
    "mean": 131.26835571501786,
    "std": 48.728602057806135
  },
  "e": {
    "median": 0.33144163027153056,
    "p16": 0.14535291154402233,
    "p84": 0.5102597618785352,
    "mean": 0.3516766343532842,
    "std": 0.17174860378818252
  },
  "omega": {
    "median": 2.2529187608947927,
    "p16": 1.4530463584608757,
    "p84": 3.941644711049606,
    "mean": 2.6282437291699408,
    "std": 1.393650683190352
  },
  "T0": {
    "median": 59546.05551925531,
    "p16": 59454.53162955839,
    "p84": 59632.62753742886,
    "mean": 59552.077806107874,
    "std": 92.04874097151308
  },
  "gamma": {
    "median": -177.71837619893375,
    "p16": -204.81098164799764,
    "p84": -148.1858218237364,
    "mean": -176.8874238831218,
    "std": 25.314420423282662
  },
  "f_M": {
    "median": 3.771765313622284,
    "p16": 1.206963017693635,
    "p84": 12.456676627098078
  },
  "M2_min": {
    "median": 5.44847615017725,
    "p16": 2.50171197705622,
    "p84": 14.428431667597778
  },
  "probabilities": {
    "P_M2_gt_1.4": 97.15625,
    "P_M2_gt_3.0": 76.72916666666667,
    "P_M2_gt_5.0": 52.020833333333336
  },
  "best_fit": {
    "P": 7.98124286283776,
    "K": 162.84178876040124,
    "e": 0.26132663584827737,
    "omega": 1.809701131394698,
    "T0": 59686.04741655574,
    "gamma": -221.73877573192186,
    "log_L": -5.101428256229914
  },
  "convergence": {
    "n_samples": 38400,
    "acceptance_rate": 0.026015625
  },
  "input": {
    "targetid": 39627580969583320,
    "n_epochs": 5,
    "mjd": [
      59517.40827366,
      59531.33893743,
      59549.30452166,
      59586.20141257,
      59624.1146522
    ],
    "rv": [
      -73.58661257888274,
      -128.27760663947254,
      -93.1159796846519,
      -231.21600953170466,
      -371.93991637437176
    ],
    "rv_err": [
      12.557945336021103,
      11.270042929650835,
      16.18587270093424,
      16.08065937415845,
      40.39366440803389
    ],
    "delta_rv": 298.353303795489,
    "baseline_days": 106.70637853999506,
    "M1_assumed": 1.1
  },
  "fast_screen": {
    "period": 16.363324594010546,
    "K": 160.5609592870802,
    "m2_min": 8.866864073677615,
    "total_score": 0.8033333333333333
  }
}