{
  "P": {
    "median": 8.451705880842253,
    "p16": 7.131403696460806,
    "p84": 16.229625157950824,
    "mean": 9.872424731298592,
    "std": 3.727286148953801
  },
  "K": {
    "median": 122.91725048733383,
    "p16": 94.90383684482848,
    "p84": 155.64626931421094,
    "mean": 124.69114993705738,
    "std": 30.31717890237917
  },
  "e": {
    "median": 0.3721823105621381,
    "p16": 0.22054844740667262,
    "p84": 0.4338813556839182,
    "mean": 0.33491767410061013,
    "std": 0.11971596979692252
  },
  "omega": {
    "median": 3.1463012561944916,
    "p16": 2.59090713487097,
    "p84": 4.033902296779252,
    "mean": 3.272436629363524,
    "std": 0.9666253870734438
  },
  "T0": {
    "median": 59690.7203387972,
    "p16": 59656.50825008345,
    "p84": 59712.63804331244,
    "mean": 59692.629338047394,
    "std": 43.335682991566436
  },
  "gamma": {
    "median": 375.71076721946804,
    "p16": 356.3745370810207,
    "p84": 385.62821898990757,
    "mean": 371.5488964541047,
    "std": 16.46369574742262
  },
  "f_M": {
    "median": 1.7635266129511136,
    "p16": 0.7954766303128694,
    "p84": 3.646655841686805
  },
  "M2_min": {
    "median": 2.986555482051107,
    "p16": 1.7938892941137563,
    "p84": 5.059425070925406
  },
  "probabilities": {
    "P_M2_gt_1.4": 91.80729166666667,
    "P_M2_gt_3.0": 49.88020833333333,
    "P_M2_gt_5.0": 17.328125
  },
  "best_fit": {
    "P": 7.09048819219815,
    "K": 97.02078333331856,
    "e": 0.2905343816646515,
    "omega": 3.301312486253682,
    "T0": 59684.70836989023,
    "gamma": 384.04550416300066,
    "log_L": -6.40934097126483
  },
  "convergence": {
    "n_samples": 38400,
    "acceptance_rate": 0.02359375
  },
  "input": {
    "targetid": 39627697734815982,
    "n_epochs": 7,
    "mjd": [
      59623.50558852,
      59670.36303479,
      59674.3735767,
      59677.37506469,
      59693.32648793,
      59693.34296411,
      59724.2478332
    ],
    "rv": [
      449.0565083961629,
      225.88078223713296,
      447.87573432547885,
      258.0762563311533,
      370.42958387950176,
      422.1521751130913,
      442.339378045328
    ],
    "rv_err": [
      3.877591028148347,
      22.946625739855413,
      4.067339130015104,
      24.008448381551453,
      16.26975097573825,
      11.332780858523078,
      6.689533834278359
    ],
    "delta_rv": 223.17572615902992,
    "baseline_days": 100.74224468000466,
    "M1_assumed": 0.9
  },
  "fast_screen": {
    "period": 10.204636462149958,
    "K": 134.71264967727552,
    "m2_min": 3.911207178776368,
    "total_score": 0.8315520012203372
  }
}