{
  "P": {
    "median": 1.5866456512468017,
    "p16": 1.0432355900568822,
    "p84": 2.910257759656223,
    "mean": 1.8336102051095813,
    "std": 0.8330405950825214
  },
  "K": {
    "median": 241.96112191067064,
    "p16": 204.24209283730676,
    "p84": 275.8760473676525,
    "mean": 239.78392090025397,
    "std": 33.60737732769278
  },
  "e": {
    "median": 0.401153732376773,
    "p16": 0.20730591850796593,
    "p84": 0.6622447178585131,
    "mean": 0.4444853309268972,
    "std": 0.2125027536092393
  },
  "omega": {
    "median": 3.4785846947295536,
    "p16": 0.45234717060668617,
    "p84": 5.576201218999671,
    "mean": 3.071181492584163,
    "std": 1.9257272717687923
  },
  "T0": {
    "median": 59642.169027465134,
    "p16": 59602.37039330423,
    "p84": 59674.06640505547,
    "mean": 59638.61206520639,
    "std": 38.02825969246563
  },
  "gamma": {
    "median": 90.21005714642612,
    "p16": 54.44912390405473,
    "p84": 158.14194093477627,
    "mean": 97.33846814888456,
    "std": 42.896746748762865
  },
  "f_M": {
    "median": 2.330812378969409,
    "p16": 1.4547614014251493,
    "p84": 4.120905666777563
  },
  "M2_min": {
    "median": 3.852059893705848,
    "p16": 2.814253591684604,
    "p84": 5.824434490425605
  },
  "probabilities": {
    "P_M2_gt_1.4": 100.0,
    "P_M2_gt_3.0": 74.63802083333333,
    "P_M2_gt_5.0": 24.4921875
  },
  "best_fit": {
    "P": 0.936369835249135,
    "K": 184.77895892065536,
    "e": 0.8717607074194931,
    "omega": 1.9702174953037934,
    "T0": 59702.21440682725,
    "gamma": 38.55437799288168,
    "log_L": -22.5275900566022
  },
  "convergence": {
    "n_samples": 38400,
    "acceptance_rate": 0.002734375
  },
  "input": {
    "targetid": 39627775883085095,
    "n_epochs": 5,
    "mjd": [
      59586.5343869,
      59606.47794183,
      59622.43799169,
      59622.45269562,
      59662.3341281
    ],
    "rv": [
      45.604202155610565,
      97.58530220435992,
      112.14166654009395,
      111.16222087035207,
      29.79944442390676
    ],
    "rv_err": [
      1.9991928733650974,
      3.668204236520507,
      3.0006556280674426,
      2.851222325674367,
      2.1244593720097824
    ],
    "delta_rv": 82.34222211618719,
    "baseline_days": 75.79974120000406,
    "M1_assumed": 1.1
  },
  "fast_screen": {
    "period": 1.325404988921122,
    "K": 430.36121963132825,
    "m2_min": 12.893240733873924,
    "total_score": 0.7740525308997509
  }
}