{
  "P": {
    "median": 10.200535255730614,
    "p16": 4.422455362363799,
    "p84": 13.244275162562175,
    "mean": 9.949104468346004,
    "std": 3.53415923503518
  },
  "K": {
    "median": 115.95030623318208,
    "p16": 89.76460481173447,
    "p84": 146.38833818498694,
    "mean": 118.42659742295373,
    "std": 31.332253070428102
  },
  "e": {
    "median": 0.3188031610655315,
    "p16": 0.1739323493795319,
    "p84": 0.4505992324122772,
    "mean": 0.31720900166510657,
    "std": 0.15543733340571134
  },
  "omega": {
    "median": 3.035185813706176,
    "p16": 2.216287578054728,
    "p84": 4.983235782713896,
    "mean": 3.290704398509722,
    "std": 1.418550561131527
  },
  "T0": {
    "median": 59600.998803281924,
    "p16": 59563.635091375945,
    "p84": 59625.1604744429,
    "mean": 59599.19683198097,
    "std": 27.94533289225274
  },
  "gamma": {
    "median": -23.646528918384952,
    "p16": -53.32898773152906,
    "p84": 5.223055340679103,
    "mean": -24.978627861458623,
    "std": 25.599182182495298
  },
  "f_M": {
    "median": 1.5700808431343698,
    "p16": 0.6985670437803447,
    "p84": 3.2380066690305442
  },
  "M2_min": {
    "median": 2.956020379610048,
    "p16": 1.8075299046614723,
    "p84": 4.867047292169122
  },
  "probabilities": {
    "P_M2_gt_1.4": 93.4140625,
    "P_M2_gt_3.0": 46.8671875,
    "P_M2_gt_5.0": 14.0625
  },
  "best_fit": {
    "P": 11.364191012790215,
    "K": 95.36299776142786,
    "e": 0.25511274553320334,
    "omega": 1.1594625478763856,
    "T0": 59597.57339555134,
    "gamma": -20.20280183106501,
    "log_L": -16.725743015693418
  },
  "convergence": {
    "n_samples": 38400,
    "acceptance_rate": 0.007421875
  },
  "input": {
    "targetid": 39627634937694383,
    "n_epochs": 5,
    "mjd": [
      59531.33893744,
      59605.14701371,
      59609.09856285,
      59609.1165455,
      59610.10974818
    ],
    "rv": [
      -98.09438481719567,
      21.999801500477993,
      16.23515388225133,
      16.00810214399159,
      -67.5298550453696
    ],
    "rv_err": [
      0.6826449696869626,
      1.6716801708515905,
      1.2770852750383634,
      2.2266829650656588,
      1.0484067567243207
    ],
    "delta_rv": 120.09418631767366,
    "baseline_days": 78.77081074000307,
    "M1_assumed": 1.1
  },
  "fast_screen": {
    "period": 9.03389863211152,
    "K": 124.02162979168526,
    "m2_min": 3.2159212339718395,
    "total_score": 0.8033333333333333
  }
}