{
  "P": {
    "median": 72.69543168158634,
    "p16": 48.0738053818437,
    "p84": 100.73563885530113,
    "mean": 78.09597918578223,
    "std": 25.723029313704775
  },
  "K": {
    "median": 157.51128829922925,
    "p16": 131.06182035846362,
    "p84": 213.54631514154966,
    "mean": 168.07800782613975,
    "std": 39.592322458118915
  },
  "e": {
    "median": 0.2279689633643679,
    "p16": 0.06045118147559092,
    "p84": 0.4426570332978935,
    "mean": 0.2640121015916026,
    "std": 0.19844878452629802
  },
  "omega": {
    "median": 2.1283694688930046,
    "p16": 0.5289230318874403,
    "p84": 4.910180708114743,
    "mean": 2.478009996071079,
    "std": 1.788292376269246
  },
  "T0": {
    "median": 59692.74339306986,
    "p16": 59659.06162250292,
    "p84": 59728.520875726485,
    "mean": 59692.42361362844,
    "std": 31.121647750252674
  },
  "gamma": {
    "median": -281.9678170723643,
    "p16": -314.32527470222794,
    "p84": -237.35665329707683,
    "mean": -278.0935435314372,
    "std": 43.17978811589095
  },
  "f_M": {
    "median": 38.7412506669398,
    "p16": 13.415965735391255,
    "p84": 75.7557656972865
  },
  "M2_min": {
    "median": 35.425254953652775,
    "p16": 14.831406190183534,
    "p84": 64.75118933488645
  },
  "probabilities": {
    "P_M2_gt_1.4": 100.0,
    "P_M2_gt_3.0": 100.0,
    "P_M2_gt_5.0": 100.0
  },
  "best_fit": {
    "P": 45.94638283790401,
    "K": 128.3655760071551,
    "e": 0.3296412846358681,
    "omega": 2.6229573946478615,
    "T0": 59697.48086873812,
    "gamma": -240.2806575199212,
    "log_L": -3.8927870773804294
  },
  "convergence": {
    "n_samples": 38400,
    "acceptance_rate": 0.07723958333333333
  },
  "input": {
    "targetid": 39627842408943267,
    "n_epochs": 4,
    "mjd": [
      59618.482652,
      59700.24154141,
      59703.21566175,
      59726.1617717
    ],
    "rv": [
      -245.8597969881527,
      -408.74054244870877,
      -360.78167216501697,
      -150.0297538630803
    ],
    "rv_err": [
      12.899848562740319,
      20.362698866997892,
      30.497872874941205,
      8.403264938332622
    ],
    "delta_rv": 258.7107885856285,
    "baseline_days": 107.67911969999841,
    "M1_assumed": 1.1
  },
  "fast_screen": {
    "period": 57.05915980297837,
    "K": 172.89840369766904,
    "m2_min": 32.649858451212545,
    "total_score": 0.76
  }
}