{
  "P": {
    "median": 23.25064279975488,
    "p16": 10.57387610478143,
    "p84": 28.641947195649166,
    "mean": 22.138828795614256,
    "std": 7.6733348210187495
  },
  "K": {
    "median": 246.40163214154683,
    "p16": 234.9639709335851,
    "p84": 268.1354395126932,
    "mean": 250.25998295101692,
    "std": 17.268136882692705
  },
  "e": {
    "median": 0.6402519129342725,
    "p16": 0.09267643772894017,
    "p84": 0.7843743438974647,
    "mean": 0.5290263376697724,
    "std": 0.2763454625888054
  },
  "omega": {
    "median": 3.0358325248667017,
    "p16": 0.8346201210926033,
    "p84": 5.5897402046293,
    "mean": 3.4353990092667543,
    "std": 1.9480369931889678
  },
  "T0": {
    "median": 59707.91525046236,
    "p16": 59658.65018499514,
    "p84": 59777.973746177675,
    "mean": 59719.498506477845,
    "std": 64.90015325152243
  },
  "gamma": {
    "median": -357.29424840972246,
    "p16": -384.3370949108515,
    "p84": -327.05842930440235,
    "mean": -359.0908330407452,
    "std": 27.13061736562505
  },
  "f_M": {
    "median": 36.08500001035704,
    "p16": 15.496907137776775,
    "p84": 58.897625124342305
  },
  "M2_min": {
    "median": 38.89545747188117,
    "p16": 18.14864593440058,
    "p84": 61.79181878632026
  },
  "probabilities": {
    "P_M2_gt_1.4": 100.0,
    "P_M2_gt_3.0": 100.0,
    "P_M2_gt_5.0": 100.0
  },
  "best_fit": {
    "P": 10.49268647689356,
    "K": 241.73504387622629,
    "e": 0.2193136922990617,
    "omega": 2.837799539399778,
    "T0": 59706.889884144046,
    "gamma": -357.2219898043108,
    "log_L": -16.644744531737786
  },
  "convergence": {
    "n_samples": 38400,
    "acceptance_rate": 0.012864583333333334
  },
  "input": {
    "targetid": 39627697256661738,
    "n_epochs": 5,
    "mjd": [
      59663.30425023,
      59673.28055912,
      59674.26996906,
      59678.25800449,
      59678.27236447
    ],
    "rv": [
      -371.1263103149548,
      -322.3164181397164,
      -466.37215348887463,
      -364.4785537311456,
      -361.76602817349993
    ],
    "rv_err": [
      5.491926908579978,
      4.726084723498251,
      1.2552980214155571,
      6.965869744947193,
      6.489443706283417
    ],
    "delta_rv": 144.05573534915823,
    "baseline_days": 14.968114240000432,
    "M1_assumed": 1.5
  },
  "fast_screen": {
    "period": 14.934125684484204,
    "K": 446.7902090876361,
    "m2_min": 5.495879085510533,
    "total_score": 0.7720632832401871
  }
}