{
  "P": {
    "median": 34.87151576005266,
    "p16": 24.73625548584254,
    "p84": 43.327031294631766,
    "mean": 36.3119995807877,
    "std": 17.87548018269847
  },
  "K": {
    "median": 132.82979927159516,
    "p16": 106.65471053452414,
    "p84": 169.19948958251447,
    "mean": 139.19981030377454,
    "std": 37.38500396238347
  },
  "e": {
    "median": 0.23697557942872047,
    "p16": 0.06928243786146504,
    "p84": 0.497278349954832,
    "mean": 0.2868798069165288,
    "std": 0.19785201586356502
  },
  "omega": {
    "median": 2.0825220333704038,
    "p16": 0.7900966840196624,
    "p84": 4.9996808888995155,
    "mean": 2.706935668229813,
    "std": 1.8656319814257625
  },
  "T0": {
    "median": 59613.931852419475,
    "p16": 59580.389528713786,
    "p84": 59666.785050972685,
    "mean": 59619.63818491176,
    "std": 46.59898932122543
  },
  "gamma": {
    "median": -269.67478275511314,
    "p16": -291.1253552841832,
    "p84": -256.059305957269,
    "mean": -276.35354520897556,
    "std": 26.16454315301493
  },
  "f_M": {
    "median": 6.798077178449472,
    "p16": 3.720933247552545,
    "p84": 19.598531757551893
  },
  "M2_min": {
    "median": 7.431770418873507,
    "p16": 4.424184563271359,
    "p84": 20.071135105934772
  },
  "probabilities": {
    "P_M2_gt_1.4": 97.44777140451507,
    "P_M2_gt_3.0": 90.36994158817029,
    "P_M2_gt_5.0": 79.42693258959112
  },
  "best_fit": {
    "P": 7.280341867614393,
    "K": 183.6534266313313,
    "e": 0.11950250480819319,
    "omega": 0.3652263706033999,
    "T0": 59665.03443203995,
    "gamma": -269.159430260893,
    "log_L": -2.4538140783440365
  },
  "convergence": {
    "n_samples": 38400,
    "acceptance_rate": 0.0375
  },
  "input": {
    "targetid": 39627921429627193,
    "n_epochs": 4,
    "mjd": [
      59365.30703465,
      59670.46704515,
      59725.31883481,
      59732.29754873
    ],
    "rv": [
      -129.35735687950313,
      -236.30793814973939,
      -387.19281181603833,
      -335.00927555876166
    ],
    "rv_err": [
      44.386539869287034,
      21.727999478695132,
      12.167706910006679,
      14.556672552823688
    ],
    "delta_rv": 257.8354549365352,
    "baseline_days": 366.9905140799965,
    "M1_assumed": 0.4
  },
  "fast_screen": {
    "period": 25.066845338954327,
    "K": 144.28804443904954,
    "m2_min": 8.54891800544158,
    "total_score": 0.76
  }
}