{
  "P": {
    "median": 21.925762130010696,
    "p16": 11.463407232692505,
    "p84": 30.1616776851322,
    "mean": 20.89948125642693,
    "std": 8.199744480489665
  },
  "K": {
    "median": 163.03082790430653,
    "p16": 90.67926874468596,
    "p84": 188.90817817866568,
    "mean": 147.06891608676685,
    "std": 47.206462040596705
  },
  "e": {
    "median": 0.32169882891518864,
    "p16": 0.1999498019686596,
    "p84": 0.5261014283025771,
    "mean": 0.35466412428656824,
    "std": 0.1557278201839316
  },
  "omega": {
    "median": 2.5001511456968113,
    "p16": 0.960156524177246,
    "p84": 5.460952221496581,
    "mean": 3.231048803535595,
    "std": 2.046974503767725
  },
  "T0": {
    "median": 59599.73499437202,
    "p16": 59558.68933775429,
    "p84": 59631.95050369447,
    "mean": 59597.56702941953,
    "std": 39.639482298612855
  },
  "gamma": {
    "median": 95.82374518727028,
    "p16": 57.394540864145156,
    "p84": 138.77015915277636,
    "mean": 100.66087042346932,
    "std": 45.522852109238876
  },
  "f_M": {
    "median": 7.002200501130815,
    "p16": 1.6209520894390241,
    "p84": 16.945286285608255
  },
  "M2_min": {
    "median": 8.24209915451236,
    "p16": 2.607908943409201,
    "p84": 18.26874365060998
  },
  "probabilities": {
    "P_M2_gt_1.4": 93.17708333333333,
    "P_M2_gt_3.0": 76.4296875,
    "P_M2_gt_5.0": 65.72916666666667
  },
  "best_fit": {
    "P": 14.553412695649243,
    "K": 166.89634291206977,
    "e": 0.17537668661033926,
    "omega": 1.1837660527477292,
    "T0": 59616.99099132272,
    "gamma": 170.7418519116415,
    "log_L": -2.944739705268398
  },
  "convergence": {
    "n_samples": 38400,
    "acceptance_rate": 0.015442708333333333
  },
  "input": {
    "targetid": 39627786842800776,
    "n_epochs": 5,
    "mjd": [
      59549.37879894,
      59602.24876671,
      59603.2269276,
      59619.17753562,
      59619.19306088
    ],
    "rv": [
      36.90175385776684,
      256.3975404700843,
      152.33809860307545,
      54.4816382602658,
      45.82143019111716
    ],
    "rv_err": [
      4.013136137448489,
      36.83234104514257,
      21.537099534352077,
      4.347726030759297,
      25.291567770583498
    ],
    "delta_rv": 219.4957866123175,
    "baseline_days": 69.81426194000232,
    "M1_assumed": 0.7
  },
  "fast_screen": {
    "period": 14.934125684484204,
    "K": 245.84932322800012,
    "m2_min": 24.334451663466044,
    "total_score": 0.8033333333333333
  }
}