{
  "P": {
    "median": 9.297795827681744,
    "p16": 8.234727279982156,
    "p84": 12.41720670494299,
    "mean": 10.657699221097412,
    "std": 4.699675319771381
  },
  "K": {
    "median": 265.4345125468526,
    "p16": 226.13662650565524,
    "p84": 346.9644636865197,
    "mean": 268.96182764161597,
    "std": 74.43929308611945
  },
  "e": {
    "median": 0.3079672320095108,
    "p16": 0.20334995805726538,
    "p84": 0.4804001404236877,
    "mean": 0.3369470410304955,
    "std": 0.13343481219394662
  },
  "omega": {
    "median": 1.3228812690332112,
    "p16": 0.40020185389811186,
    "p84": 5.150640750050192,
    "mean": 2.181206706450974,
    "std": 1.9217869054753638
  },
  "T0": {
    "median": 59606.06291121384,
    "p16": 59582.31881580503,
    "p84": 59635.68030391395,
    "mean": 59611.16130058575,
    "std": 36.545543935304735
  },
  "gamma": {
    "median": 197.77018363925936,
    "p16": 159.19985241707656,
    "p84": 212.28733182383553,
    "mean": 188.89853463110327,
    "std": 27.080014319301796
  },
  "f_M": {
    "median": 19.22651950468769,
    "p16": 11.177431941264881,
    "p84": 41.79589514896849
  },
  "M2_min": {
    "median": 20.37205509249258,
    "p16": 12.803993163383556,
    "p84": 41.27960906924401
  },
  "probabilities": {
    "P_M2_gt_1.4": 95.65217391304348,
    "P_M2_gt_3.0": 95.65217391304348,
    "P_M2_gt_5.0": 90.57065217391305
  },
  "best_fit": {
    "P": 11.223938838421391,
    "K": 258.12685481104523,
    "e": 0.3062342044328304,
    "omega": 0.4537837263202413,
    "T0": 59594.73021535179,
    "gamma": 200.863656098814,
    "log_L": -4.46917306120725
  },
  "convergence": {
    "n_samples": 38400,
    "acceptance_rate": 0.01046875
  },
  "input": {
    "targetid": 39627805893329991,
    "n_epochs": 5,
    "mjd": [
      59606.44345404,
      59606.45851091,
      59611.42988913,
      59620.40267832,
      59645.33833507
    ],
    "rv": [
      409.2312602774013,
      442.65894037593773,
      35.0184460792599,
      30.430681358623392,
      44.02352065611331
    ],
    "rv_err": [
      10.391008317873547,
      16.228959478877204,
      1.5343781239374064,
      1.2819191863873207,
      1.5494998659561565
    ],
    "delta_rv": 412.2282590173143,
    "baseline_days": 38.89488102999894,
    "M1_assumed": 0.9
  },
  "fast_screen": {
    "period": 8.24486349444083,
    "K": 252.04406376750097,
    "m2_min": 15.330798778986601,
    "total_score": 0.8033333333333333
  }
}