{
  "P": {
    "median": 33.48869236245353,
    "p16": 24.2942923981611,
    "p84": 56.153025402257796,
    "mean": 35.3775346961848,
    "std": 13.424881941167461
  },
  "K": {
    "median": 89.25111091554044,
    "p16": 74.30477476352925,
    "p84": 118.82254024782743,
    "mean": 95.23989150241988,
    "std": 21.620917974932674
  },
  "e": {
    "median": 0.36214054394940787,
    "p16": 0.16989267662406196,
    "p84": 0.5006138990483199,
    "mean": 0.3486314995752551,
    "std": 0.1684807254897437
  },
  "omega": {
    "median": 3.3647020523034588,
    "p16": 0.8629195251697773,
    "p84": 5.400281412108326,
    "mean": 3.367873024472746,
    "std": 1.7142116640671827
  },
  "T0": {
    "median": 59613.73294603879,
    "p16": 59591.426224177536,
    "p84": 59675.81046990482,
    "mean": 59625.2290281599,
    "std": 46.517787783412054
  },
  "gamma": {
    "median": 174.85439745148872,
    "p16": 162.56591341924312,
    "p84": 190.36701741545642,
    "mean": 175.10901852954646,
    "std": 16.969813573082845
  },
  "f_M": {
    "median": 2.500114303971347,
    "p16": 1.3380957616825606,
    "p84": 5.636267809717346
  },
  "M2_min": {
    "median": 4.044837193768512,
    "p16": 2.6685877306939623,
    "p84": 7.428956137350636
  },
  "probabilities": {
    "P_M2_gt_1.4": 95.40104166666666,
    "P_M2_gt_3.0": 77.21875,
    "P_M2_gt_5.0": 34.98177083333333
  },
  "best_fit": {
    "P": 25.297518791448443,
    "K": 77.9354980376935,
    "e": 0.47247855404922334,
    "omega": 3.1627197949568875,
    "T0": 59613.73294603879,
    "gamma": 167.66575074252114,
    "log_L": -3.6409523098599768
  },
  "convergence": {
    "n_samples": 38400,
    "acceptance_rate": 0.01546875
  },
  "input": {
    "targetid": 39627624485487722,
    "n_epochs": 7,
    "mjd": [
      59559.45962954,
      59559.47700279,
      59559.49192725,
      59592.39216321,
      59677.14141591,
      59677.15950737,
      59677.17428894
    ],
    "rv": [
      152.6838968950092,
      150.9679326131605,
      153.42047286755093,
      161.5191491696742,
      209.67342994617633,
      207.1643251174766,
      209.22847566710448
    ],
    "rv_err": [
      2.649438908022115,
      3.2703365920096266,
      3.5913476605272208,
      2.7545370661524435,
      2.551182429001112,
      3.470131323973907,
      4.105943756629063
    ],
    "delta_rv": 58.70549733301581,
    "baseline_days": 117.71465940000053,
    "M1_assumed": 1.1
  },
  "fast_screen": {
    "period": 32.4757822794142,
    "K": 128.19085247277314,
    "m2_min": 8.939785071259884,
    "total_score": 0.7890228665185053
  }
}