{
  "P": {
    "median": 12.823716806218684,
    "p16": 10.930827312455516,
    "p84": 20.086394818249293,
    "mean": 14.59677830167098,
    "std": 5.140152519268991
  },
  "K": {
    "median": 245.95451181661542,
    "p16": 200.2970128758838,
    "p84": 293.60077252070084,
    "mean": 246.9422997002632,
    "std": 40.933858411784094
  },
  "e": {
    "median": 0.25662715422747945,
    "p16": 0.18166780084451403,
    "p84": 0.4342847284291016,
    "mean": 0.2875159013940307,
    "std": 0.1445455683325416
  },
  "omega": {
    "median": 4.117427483533918,
    "p16": 0.23964359187309725,
    "p84": 5.619675306299591,
    "mean": 3.1730733826540654,
    "std": 2.285695693287709
  },
  "T0": {
    "median": 59695.59064051426,
    "p16": 59667.25635531791,
    "p84": 59723.47059833714,
    "mean": 59694.478771413116,
    "std": 24.963080309206074
  },
  "gamma": {
    "median": 38.215440331712585,
    "p16": 24.01249714865482,
    "p84": 52.33555322519838,
    "mean": 38.749547555233676,
    "std": 13.705393367947662
  },
  "f_M": {
    "median": 21.337075805548096,
    "p16": 10.833280337597822,
    "p84": 36.1601442497184
  },
  "M2_min": {
    "median": 22.00077173529618,
    "p16": 11.577804269847237,
    "p84": 36.874518609557185
  },
  "probabilities": {
    "P_M2_gt_1.4": 100.0,
    "P_M2_gt_3.0": 100.0,
    "P_M2_gt_5.0": 100.0
  },
  "best_fit": {
    "P": 11.147440237157154,
    "K": 264.64213951394635,
    "e": 0.18961413713967185,
    "omega": 4.499258352667419,
    "T0": 59714.13536535199,
    "gamma": 40.668629116373786,
    "log_L": -2.4830046474061076
  },
  "convergence": {
    "n_samples": 38400,
    "acceptance_rate": 0.03432291666666667
  },
  "input": {
    "targetid": 39627920607545906,
    "n_epochs": 4,
    "mjd": [
      59676.26770571,
      59699.20063167,
      59703.18706291,
      59706.18553625
    ],
    "rv": [
      -41.0996126874439,
      -102.31687609780911,
      16.312614941351548,
      277.6633600606809
    ],
    "rv_err": [
      27.608317686440596,
      9.9921877453654,
      16.995441353091348,
      9.371191154137398
    ],
    "delta_rv": 379.98023615849,
    "baseline_days": 29.91783053999825,
    "M1_assumed": 0.4
  },
  "fast_screen": {
    "period": 11.18122227721177,
    "K": 226.45925355077964,
    "m2_min": 14.221773516380887,
    "total_score": 0.76
  }
}