{
  "P": {
    "median": 11.681847620418923,
    "p16": 3.598845131830479,
    "p84": 29.69691726602155,
    "mean": 16.123475253566124,
    "std": 11.489044165542875
  },
  "K": {
    "median": 132.36799023039447,
    "p16": 104.60537579912926,
    "p84": 199.0029235141752,
    "mean": 143.9576424444755,
    "std": 40.42761874418742
  },
  "e": {
    "median": 0.259114475820465,
    "p16": 0.05276461452415715,
    "p84": 0.526226416087587,
    "mean": 0.28429172745284764,
    "std": 0.20563086726977242
  },
  "omega": {
    "median": 3.2752103009430615,
    "p16": 1.6516834938945557,
    "p84": 4.959306792987185,
    "mean": 3.385382183775401,
    "std": 1.4828516755000292
  },
  "T0": {
    "median": 59599.62271663802,
    "p16": 59508.70304162962,
    "p84": 59697.79496423026,
    "mean": 59599.051457021036,
    "std": 87.44498956242803
  },
  "gamma": {
    "median": -152.72553949554754,
    "p16": -175.4834882184944,
    "p84": -126.5672727589091,
    "mean": -152.2357128518067,
    "std": 23.148375099385323
  },
  "f_M": {
    "median": 3.7263663130879965,
    "p16": 1.2867744987938023,
    "p84": 8.547985916073875
  },
  "M2_min": {
    "median": 5.144288193969917,
    "p16": 2.4212018376879656,
    "p84": 10.133740351611378
  },
  "probabilities": {
    "P_M2_gt_1.4": 88.95572916666666,
    "P_M2_gt_3.0": 78.29166666666667,
    "P_M2_gt_5.0": 52.61979166666667
  },
  "best_fit": {
    "P": 1.2931975627047052,
    "K": 149.7471508189323,
    "e": 0.3354832230802459,
    "omega": 4.5246318830566,
    "T0": 59437.04227858451,
    "gamma": -155.89443485148297,
    "log_L": -1.0118541209494005
  },
  "convergence": {
    "n_samples": 38400,
    "acceptance_rate": 0.030755208333333332
  },
  "input": {
    "targetid": 39627775400742282,
    "n_epochs": 6,
    "mjd": [
      59604.38070978,
      59604.39718747,
      59620.33810775,
      59620.34997824,
      59636.30484506,
      59639.29761436
    ],
    "rv": [
      -91.68676573163327,
      -123.7453485133535,
      -250.1526803889655,
      -273.07102479589906,
      -41.43443344398658,
      -96.38072518292698
    ],
    "rv_err": [
      42.60601862339888,
      37.62863508342591,
      15.768323941626386,
      13.853739503419998,
      29.030555128290604,
      33.551616651605684
    ],
    "delta_rv": 231.6365913519125,
    "baseline_days": 34.916904580000846,
    "M1_assumed": 0.9
  },
  "fast_screen": {
    "period": 10.361266118579055,
    "K": 164.4668562831455,
    "m2_min": 6.250249567310829,
    "total_score": 0.8466666666666667
  }
}