{
  "P": {
    "median": 93.42132454597396,
    "p16": 89.83471419952953,
    "p84": 216.0549309587663,
    "mean": 130.29902483724038,
    "std": 73.97079345698143
  },
  "K": {
    "median": 69.12598348993626,
    "p16": 61.06774995503909,
    "p84": 78.72381950388053,
    "mean": 72.3313835754894,
    "std": 15.705779276938284
  },
  "e": {
    "median": 0.29964816627006874,
    "p16": 0.05231358956877713,
    "p84": 0.629732343243203,
    "mean": 0.3291737741291501,
    "std": 0.244554282050947
  },
  "omega": {
    "median": 5.035969998649774,
    "p16": 0.4457388294717464,
    "p84": 5.697824077910076,
    "mean": 3.587036700331841,
    "std": 2.313956848295549
  },
  "T0": {
    "median": 59657.13536483054,
    "p16": 59591.0044194275,
    "p84": 59670.0619675672,
    "mean": 59640.66372481011,
    "std": 34.861778907848446
  },
  "gamma": {
    "median": -390.00359414879154,
    "p16": -396.2438989899692,
    "p84": -383.3205388700884,
    "mean": -389.8953957015191,
    "std": 7.235184677530345
  },
  "f_M": {
    "median": 3.7249725023141407,
    "p16": 2.5453011740711533,
    "p84": 7.910192009182578
  },
  "M2_min": {
    "median": 4.872210226493717,
    "p16": 3.6236595064876975,
    "p84": 9.16470056229992
  },
  "probabilities": {
    "P_M2_gt_1.4": 100.0,
    "P_M2_gt_3.0": 95.8203125,
    "P_M2_gt_5.0": 47.6171875
  },
  "best_fit": {
    "P": 94.39426629734922,
    "K": 131.8526084630484,
    "e": 0.6191949636539156,
    "omega": 5.633802617705074,
    "T0": 59657.51844759112,
    "gamma": -379.65430983955275,
    "log_L": -9.517197978095158
  },
  "convergence": {
    "n_samples": 38400,
    "acceptance_rate": 0.164765625
  },
  "input": {
    "targetid": 39627660803968944,
    "n_epochs": 9,
    "mjd": [
      59550.54508569,
      59554.53362348,
      59560.50546002,
      59611.38166928,
      59616.36537326,
      59640.2946246,
      59651.27273001,
      59672.22923784,
      59672.24158768
    ],
    "rv": [
      -413.0684609641981,
      -426.9626744258521,
      -260.97972454165006,
      -426.7965717038007,
      -421.352511979402,
      -441.48858583791116,
      -388.53368966929276,
      -330.644980805118,
      -310.7596876993515
    ],
    "rv_err": [
      16.1649550922507,
      9.376197804482135,
      41.938834673343955,
      7.665601703894508,
      8.610295102283004,
      8.102189004251446,
      11.16693562380997,
      7.299535149341854,
      6.946820542452425
    ],
    "delta_rv": 180.5088612962611,
    "baseline_days": 121.6965019900017,
    "M1_assumed": 0.7
  },
  "fast_screen": {
    "period": 91.4954252785741,
    "K": 69.61629261151359,
    "m2_min": 4.3191439122533435,
    "total_score": 0.8445217796619765
  }
}