{
  "P": {
    "median": 227.74172316726646,
    "p16": 142.38508009168393,
    "p84": 262.94770627067044,
    "mean": 218.5921328665745,
    "std": 79.65220765184299
  },
  "K": {
    "median": 449.1686287780166,
    "p16": 359.53154191488517,
    "p84": 594.072439152667,
    "mean": 461.9890447267034,
    "std": 107.45377093262145
  },
  "e": {
    "median": 0.30756156680280755,
    "p16": 0.06506389218068906,
    "p84": 0.5311719688141057,
    "mean": 0.31444803835525864,
    "std": 0.20903428780715183
  },
  "omega": {
    "median": 2.2888621666335656,
    "p16": 0.18246127571450632,
    "p84": 5.044605471946843,
    "mean": 2.7100624596876823,
    "std": 2.0335010747331443
  },
  "T0": {
    "median": 59527.48557767276,
    "p16": 59443.92715251635,
    "p84": 59580.41328353831,
    "mean": 59518.58342945913,
    "std": 61.87467337417094
  },
  "gamma": {
    "median": 186.36114868972004,
    "p16": 132.85031862904358,
    "p84": 250.32202401220695,
    "mean": 188.6337597237621,
    "std": 61.225441576328514
  },
  "f_M": {
    "median": 1720.901336353711,
    "p16": 911.8040552877055,
    "p84": 5122.975334516892
  },
  "M2_min": {
    "median": NaN,
    "p16": NaN,
    "p84": NaN
  },
  "probabilities": {
    "P_M2_gt_1.4": 0,
    "P_M2_gt_3.0": 0,
    "P_M2_gt_5.0": 0
  },
  "best_fit": {
    "P": 146.03972533895592,
    "K": 511.3082888952226,
    "e": 0.07562351432655343,
    "omega": 2.721884571489224,
    "T0": 59531.971735941006,
    "gamma": 281.4820451877008,
    "log_L": -5.141847932773101
  },
  "convergence": {
    "n_samples": 38400,
    "acceptance_rate": 0.08122395833333333
  },
  "input": {
    "targetid": 39628527955347936,
    "n_epochs": 4,
    "mjd": [
      59351.2953156,
      59354.25154643,
      59665.43372526,
      59698.33624703
    ],
    "rv": [
      491.9148107453143,
      432.37175627092836,
      -22.77496599356074,
      -189.16494773715033
    ],
    "rv_err": [
      20.933593345496163,
      27.208279775978653,
      28.627550816475487,
      37.49343143414923
    ],
    "delta_rv": 681.0797584824646,
    "baseline_days": 347.0409314299977,
    "M1_assumed": 0.9
  },
  "fast_screen": {
    "period": 144.49675604950755,
    "K": 495.256070535984,
    "m2_min": 100.0,
    "total_score": 0.76
  }
}