{
  "P": {
    "median": 23.879106220265403,
    "p16": 12.185001286632428,
    "p84": 29.72857266303723,
    "mean": 24.145885847204045,
    "std": 8.412823265798952
  },
  "K": {
    "median": 238.54480500810254,
    "p16": 218.68333911429391,
    "p84": 268.63805027193183,
    "mean": 237.85634994291365,
    "std": 33.89472869208976
  },
  "e": {
    "median": 0.418748180699176,
    "p16": 0.18875067138728913,
    "p84": 0.6484350741709767,
    "mean": 0.42434898625093015,
    "std": 0.20355397014850818
  },
  "omega": {
    "median": 0.5918594235937,
    "p16": 0.04110835177251293,
    "p84": 5.574456358803537,
    "mean": 2.0087725459504253,
    "std": 2.198141374481466
  },
  "T0": {
    "median": 59631.269333760145,
    "p16": 59603.84117936435,
    "p84": 59655.021767931736,
    "mean": 59626.912770720264,
    "std": 32.188410940774475
  },
  "gamma": {
    "median": -51.260462180377175,
    "p16": -71.8692479535047,
    "p84": -30.128825067890418,
    "mean": -50.596486600912506,
    "std": 23.949564029383943
  },
  "f_M": {
    "median": 33.117829693528485,
    "p16": 19.611120423077242,
    "p84": 51.27758171808332
  },
  "M2_min": {
    "median": 34.47631741399628,
    "p16": 20.943935200469088,
    "p84": 52.65014841526228
  },
  "probabilities": {
    "P_M2_gt_1.4": 100.0,
    "P_M2_gt_3.0": 100.0,
    "P_M2_gt_5.0": 97.51822916666667
  },
  "best_fit": {
    "P": 36.13370093633955,
    "K": 271.51685342872224,
    "e": 0.27832055507066644,
    "omega": 2.47869480760487,
    "T0": 59606.70876320328,
    "gamma": -61.573848536576776,
    "log_L": -7.318366794179128
  },
  "convergence": {
    "n_samples": 38400,
    "acceptance_rate": 0.025572916666666667
  },
  "input": {
    "targetid": 39627781323096335,
    "n_epochs": 6,
    "mjd": [
      59581.40507896,
      59581.42051052,
      59616.32329882,
      59636.27173593,
      59637.23843618,
      59639.27022643
    ],
    "rv": [
      -88.70128986396408,
      -89.99728439036748,
      -140.16284952492774,
      47.18967801515465,
      86.93088895228645,
      -85.22881011976865
    ],
    "rv_err": [
      7.5891788687975525,
      5.596196089963997,
      7.239845944897414,
      20.14039696006225,
      23.70758827259665,
      8.059904496438776
    ],
    "delta_rv": 227.09373847721417,
    "baseline_days": 57.86514747000183,
    "M1_assumed": 0.7
  },
  "fast_screen": {
    "period": 17.65826370888439,
    "K": 441.78112795186166,
    "m2_min": 5.557731676519734,
    "total_score": 0.8466666666666667
  }
}