{
  "P": {
    "median": 1.2990466571470531,
    "p16": 0.7392294776528034,
    "p84": 1.748586039999873,
    "mean": 1.4023513723090728,
    "std": 0.7768789764502357
  },
  "K": {
    "median": 250.869220864176,
    "p16": 213.6068837777711,
    "p84": 317.35361751426535,
    "mean": 258.260851945204,
    "std": 50.07240028156735
  },
  "e": {
    "median": 0.2429788216139313,
    "p16": 0.08595006058483572,
    "p84": 0.3845689300029583,
    "mean": 0.2452949049306337,
    "std": 0.1361985628005947
  },
  "omega": {
    "median": 2.2985810077734743,
    "p16": 0.7021360876100378,
    "p84": 3.9101585450842276,
    "mean": 2.291366483998862,
    "std": 1.5025676940583186
  },
  "T0": {
    "median": 59589.82524919931,
    "p16": 59544.46476840289,
    "p84": 59638.79714025161,
    "mean": 59577.32279206336,
    "std": 103.05945822762132
  },
  "gamma": {
    "median": 263.39484803068774,
    "p16": 230.72067420272958,
    "p84": 289.66893666375984,
    "mean": 259.0752728573741,
    "std": 35.84395391874377
  },
  "f_M": {
    "median": 2.3913057368919266,
    "p16": 0.9109159563114548,
    "p84": 4.235093827973067
  },
  "M2_min": {
    "median": 3.4575777534648733,
    "p16": 1.7724796187557148,
    "p84": 5.4034541227693715
  },
  "probabilities": {
    "P_M2_gt_1.4": 96.41145833333333,
    "P_M2_gt_3.0": 64.171875,
    "P_M2_gt_5.0": 16.361979166666664
  },
  "best_fit": {
    "P": 1.7066990889455738,
    "K": 230.9904680371602,
    "e": 0.10569772835035715,
    "omega": 3.109377170448112,
    "T0": 59594.20744838948,
    "gamma": 238.84938564636093,
    "log_L": -1.8925528718288014
  },
  "convergence": {
    "n_samples": 38400,
    "acceptance_rate": 0.0022395833333333334
  },
  "input": {
    "targetid": 39627867411190557,
    "n_epochs": 4,
    "mjd": [
      59349.41617535,
      59678.49184555,
      59693.44687995,
      59693.46207976
    ],
    "rv": [
      457.38903949487116,
      403.81961422538683,
      94.59742939953168,
      140.80719745937853
    ],
    "rv_err": [
      38.09777083491252,
      4.061153280673276,
      16.877591702052055,
      19.455381896847896
    ],
    "delta_rv": 362.7916100953395,
    "baseline_days": 344.0459044099989,
    "M1_assumed": 0.7
  },
  "fast_screen": {
    "period": 0.905662397840405,
    "K": 447.6149601156029,
    "m2_min": 9.677062821759876,
    "total_score": 0.76
  }
}