{
  "P": {
    "median": 14.748223362494862,
    "p16": 14.340560619495877,
    "p84": 21.006726444699137,
    "mean": 16.97747651607541,
    "std": 3.955702961865237
  },
  "K": {
    "median": 245.80902424844697,
    "p16": 219.545240870916,
    "p84": 276.201712631752,
    "mean": 248.15396116041254,
    "std": 27.586691520754012
  },
  "e": {
    "median": 0.2421729217873263,
    "p16": 0.15487524901629407,
    "p84": 0.318525790955423,
    "mean": 0.243768906552901,
    "std": 0.09065525556108345
  },
  "omega": {
    "median": 3.286031859163484,
    "p16": 2.773119113955124,
    "p84": 3.7521367436839137,
    "mean": 3.18909315042779,
    "std": 0.6783996413797033
  },
  "T0": {
    "median": 59639.427825940016,
    "p16": 59629.51374747605,
    "p84": 59647.30272391444,
    "mean": 59640.67237878521,
    "std": 18.58665097932285
  },
  "gamma": {
    "median": -46.77184633748074,
    "p16": -57.19105914138588,
    "p84": -36.67031128546506,
    "mean": -48.3653800089733,
    "std": 14.093349812618422
  },
  "f_M": {
    "median": 26.624509437552977,
    "p16": 15.706122372509082,
    "p84": 39.132072244837175
  },
  "M2_min": {
    "median": 29.409663655964277,
    "p16": 18.375044417638833,
    "p84": 41.977490530873766
  },
  "probabilities": {
    "P_M2_gt_1.4": 100.0,
    "P_M2_gt_3.0": 100.0,
    "P_M2_gt_5.0": 100.0
  },
  "best_fit": {
    "P": 14.519102946310056,
    "K": 217.98005135018775,
    "e": 0.21210976156077727,
    "omega": 3.1266321135079123,
    "T0": 59645.2285934886,
    "gamma": -46.71902737989347,
    "log_L": -2.6924570989998866
  },
  "convergence": {
    "n_samples": 38400,
    "acceptance_rate": 0.054765625
  },
  "input": {
    "targetid": 39627872045893843,
    "n_epochs": 5,
    "mjd": [
      59608.37206624,
      59651.25461825,
      59660.23765867,
      59660.25035641,
      59665.22926905
    ],
    "rv": [
      121.31564316108138,
      110.40207353860384,
      -301.428563649709,
      -300.7112544995693,
      94.18631709163786
    ],
    "rv_err": [
      5.626457595904841,
      7.673578039771021,
      11.779580328909814,
      10.28810916613914,
      4.2652051166957765
    ],
    "delta_rv": 422.7442068107904,
    "baseline_days": 56.85720281000249,
    "M1_assumed": 1.5
  },
  "fast_screen": {
    "period": 14.486024682498515,
    "K": 223.7304882237787,
    "m2_min": 19.494546164008685,
    "total_score": 0.8033333333333333
  }
}