{
  "P": {
    "median": 1.2401721666147596,
    "p16": 0.8067455164468961,
    "p84": 1.5189850325871743,
    "mean": 1.1991185900784949,
    "std": 0.3293092109863845
  },
  "K": {
    "median": 267.1471237079195,
    "p16": 213.02566108990482,
    "p84": 329.55142811161994,
    "mean": 276.67079984315234,
    "std": 56.391175952413654
  },
  "e": {
    "median": 0.21313636072364375,
    "p16": 0.08103180447244612,
    "p84": 0.35345807946566843,
    "mean": 0.2290974166688967,
    "std": 0.1557056510854296
  },
  "omega": {
    "median": 2.9794455194782192,
    "p16": 1.1900976788255806,
    "p84": 5.240814494246381,
    "mean": 3.165309966800999,
    "std": 1.8108435809268029
  },
  "T0": {
    "median": 59634.94028642147,
    "p16": 59611.9209920137,
    "p84": 59679.68480057215,
    "mean": 59646.16491450459,
    "std": 43.85690235828135
  },
  "gamma": {
    "median": 102.97643801034434,
    "p16": 78.84045589390342,
    "p84": 128.28561952310955,
    "mean": 102.17048264546807,
    "std": 25.91627466004217
  },
  "f_M": {
    "median": 2.4706826671337794,
    "p16": 1.0275320265921144,
    "p84": 4.94373673130295
  },
  "M2_min": {
    "median": 4.011385747307035,
    "p16": 2.266769670645539,
    "p84": 6.700242265828189
  },
  "probabilities": {
    "P_M2_gt_1.4": 100.0,
    "P_M2_gt_3.0": 72.72916666666667,
    "P_M2_gt_5.0": 33.33333333333333
  },
  "best_fit": {
    "P": 1.5107829489364915,
    "K": 219.60784039587332,
    "e": 0.07986941750171572,
    "omega": 1.804481832860474,
    "T0": 59628.745655471146,
    "gamma": 133.02657737609323,
    "log_L": -1.6971224658822643
  },
  "convergence": {
    "n_samples": 38400,
    "acceptance_rate": 0.0028125
  },
  "input": {
    "targetid": 39627697768369126,
    "n_epochs": 4,
    "mjd": [
      59621.530884,
      59670.40209132,
      59677.37506468,
      59699.31412792
    ],
    "rv": [
      -84.67491898988642,
      268.24073192575867,
      -99.13994621547573,
      321.75888855945453
    ],
    "rv_err": [
      4.34799986375962,
      25.982720192572398,
      8.78149768419314,
      19.56255381092175
    ],
    "delta_rv": 420.89883477493026,
    "baseline_days": 77.78324391999922,
    "M1_assumed": 1.1
  },
  "fast_screen": {
    "period": 0.8521286639487476,
    "K": 374.5729941279195,
    "m2_min": 6.378381431593519,
    "total_score": 0.76
  }
}