{
  "P": {
    "median": 49.316452135477434,
    "p16": 31.86900856596776,
    "p84": 57.10347106305074,
    "mean": 43.5684069694466,
    "std": 13.85357017154857
  },
  "K": {
    "median": 290.116023790724,
    "p16": 251.39632542742578,
    "p84": 344.9440599212329,
    "mean": 298.07768347778324,
    "std": 49.814394783529835
  },
  "e": {
    "median": 0.17969382114292642,
    "p16": 0.03928504080728437,
    "p84": 0.3392578932263737,
    "mean": 0.2011269848104963,
    "std": 0.1524840356401121
  },
  "omega": {
    "median": 2.918551282410089,
    "p16": 1.2794369906872944,
    "p84": 4.582595694769835,
    "mean": 2.9291177355379667,
    "std": 1.5628874685615426
  },
  "T0": {
    "median": 59542.765464265016,
    "p16": 59498.467280453784,
    "p84": 59571.65466798172,
    "mean": 59538.924613524476,
    "std": 40.528500920360194
  },
  "gamma": {
    "median": 28.21620166003683,
    "p16": -4.706249414539777,
    "p84": 58.93346408453396,
    "mean": 24.965982376757296,
    "std": 33.66801109240027
  },
  "f_M": {
    "median": 103.05330785465007,
    "p16": 66.15551042934835,
    "p84": 199.5024993589473
  },
  "M2_min": {
    "median": 77.56524445630521,
    "p16": 53.72325983616026,
    "p84": 93.23064171572811
  },
  "probabilities": {
    "P_M2_gt_1.4": 100.0,
    "P_M2_gt_3.0": 100.0,
    "P_M2_gt_5.0": 100.0
  },
  "best_fit": {
    "P": 31.49608052046659,
    "K": 307.9401126433512,
    "e": 0.06395297959157038,
    "omega": 1.4233365219836625,
    "T0": 59563.83243765931,
    "gamma": 16.800392365299096,
    "log_L": -3.6107986987798055
  },
  "convergence": {
    "n_samples": 38400,
    "acceptance_rate": 0.05018229166666666
  },
  "input": {
    "targetid": 39627569259091193,
    "n_epochs": 4,
    "mjd": [
      59504.44255543,
      59530.37640086,
      59545.36400743,
      59585.21425525
    ],
    "rv": [
      -171.2398947124481,
      206.59552388803348,
      -160.48939865607673,
      266.615457020432
    ],
    "rv_err": [
      11.889889151985134,
      34.21132505190975,
      11.614744205078479,
      41.99065077520119
    ],
    "delta_rv": 437.8553517328801,
    "baseline_days": 80.7716998199976,
    "M1_assumed": 1.1
  },
  "fast_screen": {
    "period": 32.4757822794142,
    "K": 324.4129418236167,
    "m2_min": 5.102764790208748,
    "total_score": 0.76
  }
}