{
  "P": {
    "median": 22.079141271236395,
    "p16": 14.792527611029413,
    "p84": 40.7798994913764,
    "mean": 26.62307502116951,
    "std": 15.58263791738472
  },
  "K": {
    "median": 257.4680504934002,
    "p16": 165.07390456728155,
    "p84": 352.19399784165813,
    "mean": 260.00699534633867,
    "std": 87.42965320728386
  },
  "e": {
    "median": 0.19636942419575015,
    "p16": 0.09841309418923355,
    "p84": 0.3951825739784358,
    "mean": 0.24236442301069464,
    "std": 0.175172798030353
  },
  "omega": {
    "median": 3.0348949102601495,
    "p16": 0.9384002755045597,
    "p84": 5.587406903086944,
    "mean": 3.2064640570299248,
    "std": 2.0156434897346895
  },
  "T0": {
    "median": 59656.916277040335,
    "p16": 59610.97067571751,
    "p84": 59699.2890380504,
    "mean": 59653.3975271447,
    "std": 42.127895210507724
  },
  "gamma": {
    "median": 81.60485867115962,
    "p16": 69.96676747287574,
    "p84": 113.36298239913677,
    "mean": 85.11561619378651,
    "std": 25.334443544977653
  },
  "f_M": {
    "median": 35.078516528494056,
    "p16": 12.069657033571655,
    "p84": 78.96409152902534
  },
  "M2_min": {
    "median": 31.681476506340257,
    "p16": 11.852490605611688,
    "p84": 52.30451610290547
  },
  "probabilities": {
    "P_M2_gt_1.4": 100.0,
    "P_M2_gt_3.0": 99.61564069971551,
    "P_M2_gt_5.0": 97.34277586102536
  },
  "best_fit": {
    "P": 22.653194988342594,
    "K": 260.76764901111466,
    "e": 0.20309079902594973,
    "omega": 5.837328202627236,
    "T0": 59648.95542589908,
    "gamma": 81.86087074198332,
    "log_L": -3.229210857537789
  },
  "convergence": {
    "n_samples": 38400,
    "acceptance_rate": 0.025598958333333335
  },
  "input": {
    "targetid": 39627691502079881,
    "n_epochs": 4,
    "mjd": [
      59621.46689329,
      59640.43070947,
      59673.33293502,
      59678.33291423
    ],
    "rv": [
      -22.963191287847213,
      -122.59526097962184,
      377.585025819164,
      70.49071238272327
    ],
    "rv_err": [
      7.833722304890425,
      19.911441291170348,
      29.638064309206957,
      25.69457753945898
    ],
    "delta_rv": 500.18028679878586,
    "baseline_days": 56.866020939996815,
    "M1_assumed": 0.4
  },
  "fast_screen": {
    "period": 21.52517920180173,
    "K": 260.25921667500654,
    "m2_min": 40.10396000544296,
    "total_score": 0.76
  }
}