{
  "P": {
    "median": 27.25496884614162,
    "p16": 15.964789954113856,
    "p84": 63.64150151947906,
    "mean": 43.75434416251908,
    "std": 37.79730811589945
  },
  "K": {
    "median": 226.32025797337639,
    "p16": 179.69383726123544,
    "p84": 274.3455867375547,
    "mean": 223.16441100462214,
    "std": 44.87212792326684
  },
  "e": {
    "median": 0.45589016511508323,
    "p16": 0.20835507638670936,
    "p84": 0.7288240569192617,
    "mean": 0.47336562829192075,
    "std": 0.22250111621898488
  },
  "omega": {
    "median": 3.6676914034063293,
    "p16": 1.0822305385475661,
    "p84": 5.392200324942535,
    "mean": 3.344132355623834,
    "std": 1.7808709889941527
  },
  "T0": {
    "median": 59678.286865322036,
    "p16": 59609.90570675107,
    "p84": 59755.73860296084,
    "mean": 59677.45315593523,
    "std": 74.80238380059296
  },
  "gamma": {
    "median": 68.20145447502253,
    "p16": 37.52444649601146,
    "p84": 108.23075152313301,
    "mean": 65.36265832748188,
    "std": 41.500480798542085
  },
  "f_M": {
    "median": 43.6266860219089,
    "p16": 13.312619809427892,
    "p84": 75.81161011663502
  },
  "M2_min": {
    "median": 43.33993715098682,
    "p16": 14.138187321540908,
    "p84": 69.31682962128536
  },
  "probabilities": {
    "P_M2_gt_1.4": 100.0,
    "P_M2_gt_3.0": 100.0,
    "P_M2_gt_5.0": 100.0
  },
  "best_fit": {
    "P": 13.154559770174563,
    "K": 261.87065852437473,
    "e": 0.4542792791938016,
    "omega": 0.5074862728260481,
    "T0": 59714.5848722792,
    "gamma": 67.95689367248316,
    "log_L": -3.9680620179041926
  },
  "convergence": {
    "n_samples": 38400,
    "acceptance_rate": 0.027786458333333333
  },
  "input": {
    "targetid": 39632986462751504,
    "n_epochs": 4,
    "mjd": [
      59672.44443286,
      59697.36329894,
      59698.3581811,
      59708.3290433
    ],
    "rv": [
      139.99753611225137,
      24.503833030599182,
      112.62615879421546,
      -65.48577516026423
    ],
    "rv_err": [
      6.441520125380289,
      15.249810034153361,
      11.455653580505134,
      24.13002002316783
    ],
    "delta_rv": 205.4833112725156,
    "baseline_days": 35.88461043999996,
    "M1_assumed": 0.7
  },
  "fast_screen": {
    "period": 26.238895698253792,
    "K": 424.57950474827646,
    "m2_min": 6.0802763638348365,
    "total_score": 0.76
  }
}