{
  "P": {
    "median": 4.849505238510394,
    "p16": 3.06245273210361,
    "p84": 6.063259575766056,
    "mean": 4.778235830128711,
    "std": 1.9330448806127494
  },
  "K": {
    "median": 196.6087723559773,
    "p16": 159.91272655325957,
    "p84": 263.79924151433033,
    "mean": 206.98775937176796,
    "std": 47.26282807816391
  },
  "e": {
    "median": 0.29535198362295645,
    "p16": 0.12157445585517415,
    "p84": 0.4146384185383091,
    "mean": 0.2894598644849205,
    "std": 0.14937977268981686
  },
  "omega": {
    "median": 3.0454880074689674,
    "p16": 2.3021873572659945,
    "p84": 4.147858311346987,
    "mean": 3.1358068714392524,
    "std": 1.0263347758503174
  },
  "T0": {
    "median": 59691.12734257838,
    "p16": 59653.00975679961,
    "p84": 59769.87214445891,
    "mean": 59704.91874380514,
    "std": 59.62731422766705
  },
  "gamma": {
    "median": 140.9330991232582,
    "p16": 104.78257247974528,
    "p84": 162.29020668421956,
    "mean": 136.9522148616463,
    "std": 27.802957363834178
  },
  "f_M": {
    "median": 4.214004257540878,
    "p16": 1.7182070313099929,
    "p84": 7.202758050598607
  },
  "M2_min": {
    "median": 4.926138767971657,
    "p16": 2.352253445786985,
    "p84": 7.946165377621354
  },
  "probabilities": {
    "P_M2_gt_1.4": 95.875,
    "P_M2_gt_3.0": 72.578125,
    "P_M2_gt_5.0": 49.98958333333333
  },
  "best_fit": {
    "P": 4.87952721617503,
    "K": 168.4891097126226,
    "e": 0.33526128086606205,
    "omega": 2.9831850881319815,
    "T0": 59658.295143455136,
    "gamma": 160.48207022543838,
    "log_L": -1.6044989916324541
  },
  "convergence": {
    "n_samples": 38400,
    "acceptance_rate": 0.008802083333333334
  },
  "input": {
    "targetid": 39632940988106485,
    "n_epochs": 4,
    "mjd": [
      59665.35407169,
      59671.34397771,
      59697.26088856,
      59698.25570799
    ],
    "rv": [
      263.28168997670787,
      258.0782236504602,
      -51.773335239622504,
      130.37961337555996
    ],
    "rv_err": [
      17.07863832895892,
      17.557420954163067,
      17.749479632940677,
      17.363353667365452
    ],
    "delta_rv": 315.05502521633036,
    "baseline_days": 32.901636299997335,
    "M1_assumed": 0.4
  },
  "fast_screen": {
    "period": 4.1542764522831055,
    "K": 271.0245764188181,
    "m2_min": 9.320156315071735,
    "total_score": 0.76
  }
}