{
  "P": {
    "median": 30.682810771905498,
    "p16": 29.75885842886539,
    "p84": 32.564177950453065,
    "mean": 34.16919110682291,
    "std": 14.741664285993206
  },
  "K": {
    "median": 68.5801684001768,
    "p16": 54.788471610234346,
    "p84": 90.61003001572264,
    "mean": 71.72225284062405,
    "std": 16.56750946437927
  },
  "e": {
    "median": 0.3609990130256124,
    "p16": 0.07810762721921172,
    "p84": 0.6883242413253748,
    "mean": 0.3869125115359959,
    "std": 0.25324776496924983
  },
  "omega": {
    "median": 2.869225042265841,
    "p16": 0.07474194845220358,
    "p84": 5.3650615824379955,
    "mean": 2.6494521698312807,
    "std": 2.382750690662249
  },
  "T0": {
    "median": 59511.591935360004,
    "p16": 59493.94021464397,
    "p84": 59534.96873316582,
    "mean": 59512.4304350352,
    "std": 22.3864421350469
  },
  "gamma": {
    "median": -57.604170077628794,
    "p16": -77.89235879272991,
    "p84": -39.50398183312221,
    "mean": -59.28939737854015,
    "std": 17.386370487378937
  },
  "f_M": {
    "median": 1.1217290994026856,
    "p16": 0.5326115442625975,
    "p84": 2.345858069234424
  },
  "M2_min": {
    "median": 2.217208776172949,
    "p16": 1.4209606060332303,
    "p84": 3.6466652347214152
  },
  "probabilities": {
    "P_M2_gt_1.4": 84.5,
    "P_M2_gt_3.0": 29.807291666666668,
    "P_M2_gt_5.0": 5.8671875
  },
  "best_fit": {
    "P": 30.34610465585321,
    "K": 88.05625368409483,
    "e": 0.07988104219137218,
    "omega": 3.786424087331227,
    "T0": 59527.27467784137,
    "gamma": -40.01048932127449,
    "log_L": -5.409228112059269
  },
  "convergence": {
    "n_samples": 38400,
    "acceptance_rate": 0.08072916666666667
  },
  "input": {
    "targetid": 39632994691977319,
    "n_epochs": 7,
    "mjd": [
      59519.41053347,
      59519.42502565,
      59527.38194059,
      59534.38079842,
      59551.32539747,
      59560.29727599,
      59560.3088242
    ],
    "rv": [
      -77.93518248145672,
      -95.5246158693277,
      -112.0868513325599,
      12.799717243664631,
      -104.71042909133502,
      -79.8166132175757,
      -61.256754123308994
    ],
    "rv_err": [
      6.948112229809583,
      17.86297776375373,
      7.243111786498349,
      5.63662250162081,
      6.940743867201157,
      8.336831468697966,
      7.006841785962709
    ],
    "delta_rv": 124.88656857622453,
    "baseline_days": 40.89829073000146,
    "M1_assumed": 0.9
  },
  "fast_screen": {
    "period": 30.094225323812626,
    "K": 95.99862154569084,
    "m2_min": 4.101862753193734,
    "total_score": 0.7769129182122361
  }
}