{
  "P": {
    "median": 92.98706388168735,
    "p16": 73.5408418149363,
    "p84": 133.87367307106203,
    "mean": 98.31612423829844,
    "std": 30.164781621645275
  },
  "K": {
    "median": 253.677368094667,
    "p16": 222.61813599813615,
    "p84": 301.42412763517484,
    "mean": 261.8047552461301,
    "std": 42.96492656758925
  },
  "e": {
    "median": 0.15277045047529858,
    "p16": 0.035227754982866316,
    "p84": 0.3027486368549456,
    "mean": 0.17113188387810502,
    "std": 0.1306753361308943
  },
  "omega": {
    "median": 3.283085217058868,
    "p16": 0.6735840709015801,
    "p84": 5.251168195157867,
    "mean": 3.08010191495871,
    "std": 1.9390006467755043
  },
  "T0": {
    "median": 59609.90880784967,
    "p16": 59594.41531559749,
    "p84": 59629.51608610335,
    "mean": 59615.85936696898,
    "std": 26.30085290484993
  },
  "gamma": {
    "median": 238.3704219605892,
    "p16": 218.7992761345974,
    "p84": 260.5263742375414,
    "mean": 239.67312029566256,
    "std": 23.800560369504804
  },
  "f_M": {
    "median": 156.57339032479604,
    "p16": 108.4567045649301,
    "p84": 245.33951568893465
  },
  "M2_min": {
    "median": 80.1390056268275,
    "p16": 46.64484509969008,
    "p84": 95.87718200236635
  },
  "probabilities": {
    "P_M2_gt_1.4": 100.0,
    "P_M2_gt_3.0": 100.0,
    "P_M2_gt_5.0": 100.0
  },
  "best_fit": {
    "P": 74.35338415939168,
    "K": 246.4959983822495,
    "e": 0.05007742023751624,
    "omega": 1.232858151554545,
    "T0": 59584.66925172818,
    "gamma": 223.02160202002315,
    "log_L": -4.337156395466226
  },
  "convergence": {
    "n_samples": 38400,
    "acceptance_rate": 0.10036458333333333
  },
  "input": {
    "targetid": 39632971258400629,
    "n_epochs": 4,
    "mjd": [
      59350.23672069,
      59672.34385576,
      59690.30619959,
      59728.19479243
    ],
    "rv": [
      466.59109510365477,
      37.04946647328996,
      51.37654752385088,
      402.43376824969306
    ],
    "rv_err": [
      31.586488109413327,
      7.727103812095683,
      4.763772623368294,
      26.29373385507185
    ],
    "delta_rv": 429.5416286303648,
    "baseline_days": 377.9580717399949,
    "M1_assumed": 0.9
  },
  "fast_screen": {
    "period": 71.705873556283,
    "K": 287.5454048967281,
    "m2_min": 5.80906455174614,
    "total_score": 0.76
  }
}