{
  "P": {
    "median": 7.948190653132851,
    "p16": 6.3579835181042,
    "p84": 28.099110492339978,
    "mean": 12.730549287308882,
    "std": 9.59588104669864
  },
  "K": {
    "median": 319.98069567605563,
    "p16": 250.4169032694703,
    "p84": 411.13860709318556,
    "mean": 327.01085093914463,
    "std": 70.74665763477041
  },
  "e": {
    "median": 0.3243689536449213,
    "p16": 0.16986743129745294,
    "p84": 0.43088267760277343,
    "mean": 0.3115565656637074,
    "std": 0.13999727266304393
  },
  "omega": {
    "median": 3.139013212293276,
    "p16": 2.1856708527687947,
    "p84": 3.5719203480180854,
    "mean": 2.9303066748244855,
    "std": 0.8327614712381465
  },
  "T0": {
    "median": 59679.07427705449,
    "p16": 59604.31569636942,
    "p84": 59706.81412339876,
    "mean": 59668.5236074337,
    "std": 44.675008764872324
  },
  "gamma": {
    "median": -4.217173841663682,
    "p16": -20.24616426843332,
    "p84": 15.416148393893751,
    "mean": -3.105436048222557,
    "std": 15.796568604146486
  },
  "f_M": {
    "median": 44.47016811771544,
    "p16": 16.630824474919255,
    "p84": 56.95662341395712
  },
  "M2_min": {
    "median": 44.047239999012,
    "p16": 17.376178772631906,
    "p84": 56.78816065040092
  },
  "probabilities": {
    "P_M2_gt_1.4": 100.0,
    "P_M2_gt_3.0": 100.0,
    "P_M2_gt_5.0": 98.6413043478261
  },
  "best_fit": {
    "P": 7.89215441616271,
    "K": 409.16114122508156,
    "e": 0.5600200612317697,
    "omega": 3.544520227268136,
    "T0": 59686.86935861184,
    "gamma": -10.21652599762288,
    "log_L": -3.278425479874331
  },
  "convergence": {
    "n_samples": 38400,
    "acceptance_rate": 0.020729166666666667
  },
  "input": {
    "targetid": 39632935875250494,
    "n_epochs": 5,
    "mjd": [
      59665.35407167,
      59679.30283094,
      59679.31541215,
      59690.27730221,
      59697.25087099
    ],
    "rv": [
      191.55990806254255,
      -296.1325163352136,
      -291.65944103133035,
      165.08329898088985,
      183.15488448699278
    ],
    "rv_err": [
      9.065631975007628,
      15.973946483458795,
      18.164054115523935,
      8.773247277041273,
      7.990258758790456
    ],
    "delta_rv": 487.69242439775616,
    "baseline_days": 31.896799319998536,
    "M1_assumed": 0.4
  },
  "fast_screen": {
    "period": 7.997474951505732,
    "K": 385.1891035225876,
    "m2_min": 48.146306458561135,
    "total_score": 0.8033333333333333
  }
}