{
  "P": {
    "median": 1.1378447904793365,
    "p16": 0.7334436873046752,
    "p84": 1.654302539802719,
    "mean": 1.20117213131367,
    "std": 0.4825386386699493
  },
  "K": {
    "median": 257.05499501464527,
    "p16": 209.6420710454062,
    "p84": 275.88212748433784,
    "mean": 248.36453033852547,
    "std": 33.51385541767368
  },
  "e": {
    "median": 0.3470323513773943,
    "p16": 0.13228497338372708,
    "p84": 0.5608406025625575,
    "mean": 0.351631762087684,
    "std": 0.18580452601675138
  },
  "omega": {
    "median": 3.307951543114143,
    "p16": 0.8021479283171811,
    "p84": 4.662717426398892,
    "mean": 2.9694412194306388,
    "std": 1.7370338829565892
  },
  "T0": {
    "median": 59664.816264038964,
    "p16": 59632.988496341604,
    "p84": 59715.285428442396,
    "mean": 59668.98923200466,
    "std": 41.627543780379476
  },
  "gamma": {
    "median": -323.11731768882487,
    "p16": -340.77237289164276,
    "p84": -304.19200992576623,
    "mean": -323.46139461830285,
    "std": 20.709098126593094
  },
  "f_M": {
    "median": 1.6809376657257324,
    "p16": 1.1592336737614095,
    "p84": 2.5988643112159915
  },
  "M2_min": {
    "median": 3.456461061013309,
    "p16": 2.760980736846852,
    "p84": 4.5799599596728875
  },
  "probabilities": {
    "P_M2_gt_1.4": 100.0,
    "P_M2_gt_3.0": 78.50260416666667,
    "P_M2_gt_5.0": 5.544270833333333
  },
  "best_fit": {
    "P": 0.9528613817791981,
    "K": 239.09406428602173,
    "e": 0.4840604947165054,
    "omega": 3.1361261301329395,
    "T0": 59689.753125673386,
    "gamma": -332.2269062389561,
    "log_L": -0.2469371313963004
  },
  "convergence": {
    "n_samples": 38400,
    "acceptance_rate": 0.0028385416666666667
  },
  "input": {
    "targetid": 39632936437288261,
    "n_epochs": 4,
    "mjd": [
      59672.48181361,
      59672.4946745,
      59679.45992095,
      59708.36756478
    ],
    "rv": [
      -399.4859340024144,
      -418.4090555878437,
      -306.397482638979,
      -204.8204445738158
    ],
    "rv_err": [
      14.697884781704373,
      11.619653856253397,
      8.506362676132705,
      10.178698957202768
    ],
    "delta_rv": 213.5886110140279,
    "baseline_days": 35.88575116999709,
    "M1_assumed": 1.5
  },
  "fast_screen": {
    "period": 0.6379911487080479,
    "K": 407.67661260743546,
    "m2_min": 6.706408192874183,
    "total_score": 0.76
  }
}