{
  "P": {
    "median": 27.30865876031027,
    "p16": 16.12442097158974,
    "p84": 37.546254409851244,
    "mean": 26.87319208028292,
    "std": 8.400862022291932
  },
  "K": {
    "median": 145.25984162299883,
    "p16": 117.51564567898993,
    "p84": 197.9578773062523,
    "mean": 155.7945555823582,
    "std": 40.09605144605195
  },
  "e": {
    "median": 0.3073481709170078,
    "p16": 0.12968102355372507,
    "p84": 0.5494293308057171,
    "mean": 0.32258003241357563,
    "std": 0.18422155160067838
  },
  "omega": {
    "median": 4.276450253966952,
    "p16": 0.7518499971477561,
    "p84": 5.082469201064905,
    "mean": 3.4187278675721275,
    "std": 1.8765684035005457
  },
  "T0": {
    "median": 59652.96959321759,
    "p16": 59634.982641462724,
    "p84": 59688.11607592098,
    "mean": 59652.396273998966,
    "std": 50.90036609974322
  },
  "gamma": {
    "median": 137.87074630394207,
    "p16": 117.95658293596681,
    "p84": 157.45572336466637,
    "mean": 137.01157156596818,
    "std": 17.817453336517666
  },
  "f_M": {
    "median": 10.668089831990656,
    "p16": 2.635221879998135,
    "p84": 23.186227850295136
  },
  "M2_min": {
    "median": 12.610408191930729,
    "p16": 4.197411251262123,
    "p84": 25.2503858773387
  },
  "probabilities": {
    "P_M2_gt_1.4": 100.0,
    "P_M2_gt_3.0": 100.0,
    "P_M2_gt_5.0": 76.6171875
  },
  "best_fit": {
    "P": 26.147789518771436,
    "K": 138.81220650840712,
    "e": 0.23012198169506562,
    "omega": 4.754698745290597,
    "T0": 59642.651413947504,
    "gamma": 156.031678073983,
    "log_L": -3.4619859078322515
  },
  "convergence": {
    "n_samples": 38400,
    "acceptance_rate": 0.022239583333333333
  },
  "input": {
    "targetid": 39632996227090858,
    "n_epochs": 5,
    "mjd": [
      59354.2737268,
      59691.35833512,
      59697.34084681,
      59709.31240501,
      59709.32484703
    ],
    "rv": [
      125.35825454263599,
      23.423759616726663,
      270.78851022855963,
      130.22921056083408,
      126.46880525443346
    ],
    "rv_err": [
      9.719584682175809,
      12.56942714633671,
      5.64480515763666,
      15.207834155169031,
      11.928332182828747
    ],
    "delta_rv": 247.36475061183296,
    "baseline_days": 355.051120230004,
    "M1_assumed": 1.1
  },
  "fast_screen": {
    "period": 22.191024703218147,
    "K": 200.20580023785473,
    "m2_min": 20.485222505100758,
    "total_score": 0.8033333333333333
  }
}