{
  "target_id": 39627745210139276,
  "primary_teff": 3800,
  "neighbor_teff": 3000,
  "v1_per_epoch": [
    -81.07128319348473,
    63.349682583702645,
    40.48308025482548
  ],
  "v2_shared": 5.259579930177813e-06,
  "b_shared": 0.2999999999996963,
  "chi2_total": 36259.524298363925,
  "chi2_red": 4.575334296323524,
  "bic_primary_only": 37849.120889655096,
  "bic_const_v2": 36412.18294536268,
  "delta_bic": -1436.9379442924183,
  "const_v2_favored": true
}